10065309,f,,VL,Municipiul Ramnicu Valcea,2540813,13729380
10078511,f,,BH,Municipiul Oradea,4230487,13729380
10099816,x,,MH,Municipiul Drobeta Turnu Severin,4337344
10232989,f,,BR,Municipiul Braila,4205670,13729380
10478976,f,,AB,Comuna Jidvei,4934610,13729380
10661255,f,,BH,Municipiul Oradea,4230487,13729380
10815397,h,,DJ,Municipiul Craiova,13729380
10999338,f,,SV,Municipiul Suceava,4244792,13729380
11063136,f,,DB,Municipiul Targoviste,4279944,13729380
11065838,f,,PH,Municipiul Ploiesti,2844855,13729380
11132791,f,,SJ,Municipiul Zalau,4291786,13729380
11232952,d,,HR,Municipiul Miercurea Ciuc,4245747,13729380
11249709,f,,MM,Municipiul Baia Mare,3627692,13729380
11278445,q,,SB,Municipiul Sibiu,4266456
11286391,q,,VL,Municipiul Ramnicu Valcea,4266456
11287265,q,,BZ,Municipiul Buzau,4266456
11287567,q,,BV,Municipiul Brasov,4266456
11292024,q,,TM,Municipiul Timisoara,4266456
11293623,f,,IF,Orasul Magurele,13729380,4364500
11298345,q,,CL,Municipiul Calarasi,4266456
11301157,q,,AG,Municipiul Pitesti,4266456
11302934,o,,TM,Orasul Buzias,4266456
11305540,f,,HR,Municipiul Miercurea Ciuc,4245747,13729380
11308023,q,,MH,Municipiul Drobeta Turnu Severin,4266456
11308414,q,,PH,Municipiul Ploiesti,4266456
11314530,q,,GL,Municipiul Galati,4266456
11317889,q,,MM,Municipiul Baia Mare,4266456
11320086,q,,BN,Municipiul Bistrita,4266456
11321693,q,,BT,Municipiul Botosani,4266456
11325091,q,,VN,Municipiul Focsani,4266456
11327130,q,,VS,Municipiul Vaslui,4266456
11333620,q,,DJ,Municipiul Craiova,4266456
11334847,q,,GJ,Municipiul Targu Jiu,4266456
11342521,f,,AG,Municipiul Pitesti,4317967,13729380
11350290,f,,IS,Comuna Vladeni,4540216,13729380
11352967,f,,SV,Comuna Dumbraveni,4244210,13729380
11370190,z,,B,Sectorul 4 al Municipiului Bucuresti,4266669
11383661,2,1,MH,Comuna Breznita-Motru
11411672,p,,SB,Municipiul Sibiu,4270740
11424532,4,,B,Sectorul 6 al Municipiului Bucuresti
11445640,q,,B,Sectorul 1 al Municipiului Bucuresti,4266456
11460861,f,,IL,Municipiul Slobozia,4365352,13729380
11472262,q,,BR,Municipiul Braila,4266456
11632770,f,,IL,Municipiul Urziceni,4364942,13729380
11649357,a,,CV,Municipiul Sfantu Gheorghe,13729380
11690968,10,,TM,Municipiul Lugoj,13729380
11697800,k,,B,Sectorul 3 al Municipiului Bucuresti
12126500,2,1,CV,Comuna Valea Mare
12256879,a,,BC,Municipiul Bacau,13729380
12335018,1,,B,Sectorul 2 al Municipiului Bucuresti,4266669
12354176,1,,B,Sectorul 1 al Municipiului Bucuresti,13729380
12510925,f,,MM,Municipiul Baia Mare,13729380,3627692
12545575,d,,BH,Municipiul Oradea,13729380,4230487
12554654,2,1,CT,Comuna Costinesti
12555706,d,,BH,Municipiul Oradea,4230487,13729380
12555722,f,,BH,Municipiul Oradea,13729380,4230487
12555862,f,,BH,Municipiul Oradea,4230487,13729380
12560842,d,,BH,Municipiul Oradea,4230487,13729380
12567689,f,,BH,Municipiul Oradea,4230487,13729380
12581586,f,,BT,Municipiul Dorohoi,4112945,13729380
12583587,f,,BH,Municipiul Oradea,4230487,13729380
12583595,d,,BH,Comuna Sacadat,4784296,13729380
12599168,a,,SM,Municipiul Carei,13729380
12653879,e,,CJ,Municipiul Cluj-Napoca,4266456
12717166,d,,AG,Orasul Mioveni,4318199,13729380
12745352,f,,MM,Municipiul Baia Mare,13729380,3627692
12788760,d,,BH,Comuna Brusturi,13729380,4906059
12789782,d,,HR,Municipiul Gheorgheni,4245070,13729380
12812451,d,,HR,Comuna Sinsimion,13729380,4245909
12817394,a,,AB,Municipiul Alba Iulia,13729380
12828210,d,,AB,Orasul Cugir,5146873,13729380
12828229,d,,AB,Comuna Sibot,4562354,13729380
12828270,d,,AB,Comuna Ighiu,13729380,4562397
12831607,d,,HR,Orasul Balan,4367612,13729380
12831615,d,,HR,Comuna Plaiesii de Jos,4368090,13729380
12839660,d,,AB,Comuna Ohaba,4562400,13729380
12839678,d,,AB,Comuna Vintu De Jos,4562443,13729380
12839686,d,,AB,Comuna Salistea,4562001,13729380
12839724,d,,AB,Comuna Calnic,4561936,13729380
12841015,d,,AB,Comuna Hopirta,4561987,13729380
12841023,d,,AB,Comuna Lopadea Noua,13729380,4561995
12841252,d,,HR,Comuna Cirta,4246122,13729380
12846721,f,,HR,Comuna Lunca de Sus,4246220,13729380
12846748,d,,HR,Comuna Suseni,4367701,13729380
12846756,d,,HR,Comuna Tusnad,4245941,13729380
12846764,d,,HR,Comuna Siculeni,4246270,13729380
12848633,d,,AB,Comuna Miraslau,4562214,13729380
12848676,d,,AB,Comuna Radesti,4562281,13729380
12848706,d,,AB,Comuna Scarisoara,4562451,13729380
12848730,f,,AB,Comuna Albac,4562362,13729380
12850099,a,,MH,Municipiul Drobeta Turnu Severin,13729380
12857518,d,,AB,Comuna Ciugud,4562516,13729380
12857526,d,,AB,Comuna Cergau,4562010,13729380
12857534,d,,AB,Comuna Rosia de Secas,4562060,13729380
12857542,d,,AB,Municipiul Blaj,4563007,13729380
12857569,d,,AB,Comuna Avram Iancu,4905550,13729380
12864493,d,,AB,Comuna Berghin,4562257,13729380
12864566,d,,AB,Comuna Pianu,4561952,13729380
12864612,d,,AB,Comuna Santimbru,4562095,13729380
12864647,d,,AB,Comuna Noslac,4562370,13729380
12864680,d,,AB,Municipiul Sebes,4331201,13729380
12877752,d,,AB,Comuna Sancel,13729380,4562141
12877760,d,,AB,Comuna Valea Lunga,4562176,13729380
12877779,d,,AB,Comuna Sasciori,4562109,13729380
12878960,d,,AB,Comuna Sohodol,13729380,4562168
12882414,d,,HR,Comuna Mihaileni,4246254,13729380
12882430,d,,HR,Comuna Ciucsangeorgiu,4246114,13729380
12882449,d,,HR,Comuna Ciucsingeorgiu,4246114,13729380
12884148,d,,AB,Comuna Unirea,4562087,13729380
12899076,d,,AB,Comuna Cenade,13729380,4562028
12899092,d,,AB,Comuna Sona,4562036,13729380
12904121,f,,TM,Municipiul Timisoara,13729380,14756536
12908280,f,,CS,Municipiul Resita,3228764,13729380
12908301,f,,CS,Municipiul Resita,13729380,3228764
12913057,f,,TM,Comuna Lovrin,4914116,13729380
12913065,f,,TM,Orasul Deta,2503378,13729380
12917164,d,,AB,Comuna Garbova,4562044,13729380
12917180,d,,AB,Comuna Dostat,13729380,4562265
12941499,a,,HD,Municipiul Deva,13729380
12979825,1,,B,Sectorul 3 al Municipiului Bucuresti,26369185
12984708,f,,HD,Orasul Uricani,4634647,13729380
13024745,f,,VL,Comuna Gradistea,13729380,2541320
13124612,d,,BH,Comuna Capalna,13729380,5543628
13192455,a,,BZ,Municipiul Buzau,13729380
13313425,f,,CT,Municipiul Constanta,4785631,13729380
13323054,f,,IS,Municipiul Pascani,4541360,13729380
13344170,f,,CT,Municipiul Constanta,13729380,4785631
13378858,d,,HR,Comuna Varsag,4367752,13729380
13378882,d,,HR,Comuna Lupeni,13729380,4368049
13378904,d,,HR,Comuna Avramesti,4367892,13729380
13378947,f,,HR,Municipiul Toplita,4245178,13729380
13398707,d,,HR,Comuna Praid,4368103,13729380
13398723,d,,HR,Comuna Porumbeni,16367675,13729380
13398731,d,,HR,Orasul Cristuru Secuiesc,4367647,13729380
13398740,d,,HR,Comuna Sacel,4367663,13729380
13398758,d,,HR,Comuna Secuieni,4367671,13729380
13407333,7,1,VS,Orasul Negresti
13446448,d,,HR,Comuna Galautas,13729380,4367981
13505196,f,,IL,Municipiul Fetesti,4365077,13729380
13533110,d,,IL,Municipiul Slobozia,13729380,4365352
13574005,l,,B,Sectorul 2 al Municipiului Bucuresti,4266669
13582067,f,,IS,Municipiul Iasi,13729380,4541580
13602539,d,,IF,Comuna Petrachioaia,4420716,13729380
13602547,d,,IF,Orasul Pantelimon,13729380,4420759
13602563,d,,IF,Comuna Ciolpani,13729380,4434037
13602571,d,,IF,Comuna Ganeasa,4364411,13729380
13613848,d,,IF,Comuna Cernica,4420740,13729380
13613856,f,,IF,Comuna Clinceni,13729380,6506628
13616780,d,,IF,Comuna Dobroesti,13729380,4283503
13622099,d,,IF,Comuna Mogosoaia,13729380,4420830
13624359,b,,B,Sectorul 3 al Municipiului Bucuresti,4204291
13624596,f,,DB,Orasul Pucioasa,4280302,13729380
13625940,d,,TL,Orasul Babadag,4508533,13729380
13629763,f,,GL,Municipiul Galati,3814810,13729380
13629771,d,,GL,Municipiul Galati,3814810,13729380
13629780,d,,GL,Municipiul Tecuci,13729380,4269312
13630024,f,,IS,Municipiul Iasi,4541580,13729380
13632106,f,,DB,Municipiul Targoviste,13729380,4279944
13633330,4,,B,Sectorul 1 al Municipiului Bucuresti
13633837,d,,GL,Comuna Rediu,3126870,13729380
13633853,f,,GL,Municipiul Tecuci,4269312,13729380
13633896,d,,GL,Comuna Draganesti,3264597,13729380
13634174,d,,IF,Comuna Nuci,13729380,4611546
13634182,f,,IF,Comuna Peris,4611554,13729380
13634190,d,,IF,Comuna 1 Decembrie,13729380,4505588
13645645,d,,IF,Orasul Chitila,13729380,4420848
13645653,d,,IF,Comuna Gradistea,4420813,13729380
13646705,d,,CV,Comuna Bodoc,4404621,13729380
13646713,d,,CV,Municipiul Sfantu Gheorghe,4404605,13729380
13646748,d,,CV,Comuna Micfalau,16410805,13729380
13646756,d,,CV,Comuna Borosneu Mare,13729380,4201970
13647867,d,,CV,Comuna Catalina,4201783,13729380
13647883,d,,CV,Comuna Reci,13729380,4404311
13647891,d,,CV,Comuna Belin,4404567,13729380
13650684,d,,CV,Comuna Haghig,4404583,13729380
13650692,d,,CV,Comuna Valcele,13729380,4404591
13650722,d,,CV,Comuna Valea-Crisului,13729380,4202207
13650757,d,,CV,Comuna Dobarlau,4404575,13729380
13652103,d,,CV,Comuna Bradut,13729380,4404400
13652111,d,,CV,Comuna Batani,13729380,4202177
13653079,d,,CV,Comuna Zagon,13729380,4404486
13653095,d,,CV,Comuna Bretcu,13729380,4201864
13653109,d,,CV,Comuna Zabala,13729380,4201848
13653117,d,,CV,Comuna Brates,13729380,4404656
13659845,d,,CV,Comuna Ghelinta,13729380,4201945
13671644,d,,CV,Comuna Sita Buzaului,13729380,4404460
13671652,d,,CV,Comuna Barcani,13729380,4404710
13700979,e,,MS,Municipiul Tirgu Mures,4266456
13708611,e,,CJ,Municipiul Cluj-Napoca,4266456
13713243,e,,TM,Municipiul Timisoara,4266456
13727281,d,,SV,Comuna Fratautii Noi,4326990,13729380
13729380,4,,B,Sectorul 1 al Municipiului Bucuresti
13752374,e,,IS,Municipiul Iasi,4266456
13765102,f,,BN,Comuna Caianu Mic,13729380,4512364
13845090,a,,GL,Municipiul Galati,13729380
13862032,a,,MM,Municipiul Baia Mare,13729380
13895110,a,,VL,Municipiul Ramnicu Valcea,13729380
13896256,a,,TR,Municipiul Alexandria,13729380
14056222,m,,SV,Municipiul Suceava,13729380
14076580,f,,HR,Municipiul Odorheiu Secuiesc,4367558,13729380
14079595,d,,SV,Comuna Stroiesti,13729380,4244288
14079609,f,,SV,Orasul Liteni,13729380,4244229
14079617,d,,SV,Comuna Patrauti,4244318,13729380
14079625,d,,SV,Comuna Moara,4441026,13729380
14079641,d,,SV,Comuna Dolhesti,13729380,5506727
14079668,d,,SV,Comuna Dornesti,13729380,4441263
14084656,d,,IF,Comuna Dascalu,13729380,4420783
14087083,i,,NT,Comuna Petricani,13729380,2614210
14087121,d,,NT,Comuna Romani,2612995,13729380
14094536,d,,SV,Comuna Satu Mare,4327057,13729380
14095094,d,,IF,Comuna Tunari,13729380,4505618
14095116,d,,IF,Comuna Gruiu,5026273,13729380
14095159,d,,IF,Comuna Stefanesti de Jos,13729380,4420775
14101471,d,,VN,Comuna Maicanesti,4297770,13729380
14102221,d,,SV,Comuna Valea Moldovei,4326957,13729380
14110550,d,,SV,Comuna Cacica,13729380,4441174
14117575,d,,SV,Comuna Bosanci,13729380,4244156
14117591,d,,SV,Orasul Salcea,4244180,13729380
14117648,d,,SV,Comuna Putna,4441379,13729380
14118481,f,,IF,Comuna Vidra,4505570,13729380
14124203,f,,SV,Orasul Cajvana,4441166,13729380
14124246,d,,SV,Comuna Cornu Luncii,4441573,13729380
14124254,d,,SV,Comuna Preutesti,13729380,5645490
14129634,d,,SV,Comuna Mitocu Dragomirnei,13729380,4441018
14131529,d,,IL,Municipiul Fetesti,13729380,4365077
14131545,d,,IL,Comuna Manasia,13729380,4365093
14133783,y,,MM,Municipiul Baia Mare,3627315,13729380
14136755,f,,IF,Orasul Otopeni,13729380,4364446
14136771,d,,IF,Comuna Corbeanca,4611538,13729380
14143957,f,,NT,Comuna Vinatori Neamt,2614279,13729380
14152491,f,,SV,Orasul Dolhasca,5461609,13729380
14152505,d,,SV,Comuna Vulturesti,13729380,4326868
14152980,d,,IS,Comuna Siretel,4541386,13729380
14152998,d,,IS,Comuna Motca,4541351,13729380
14153004,i,,IS,Comuna Lespezi,4541319,13729380
14153063,d,,IS,Comuna Ruginoasa,4541378,13729380
14153080,d,,IS,Comuna Valea Seaca,4981271,13729380
14153128,d,,IS,Comuna Mircesti,4541327,13729380
14153136,f,,IS,Comuna Halaucesti,4541297,13729380
14157383,d,,IS,Comuna Helesteni,4541300,13729380
14157391,d,,IS,Comuna Miroslovesti,4541335,13729380
14157405,d,,IS,Comuna Cristesti,13729380,4541289
14172979,d,,BR,Comuna Dudesti,4342766,13729380
14176741,f,,IF,Orasul Popesti - Leordeni,13729380,4505596
14182727,f,,BR,Orasul Insuratei,4721220,13729380
14206842,v,,BV,Municipiul Brasov,4384206
14207090,f,,BZ,Municipiul Rimnicu Sarat,2406871,13729380
14236924,d,,NT,Comuna Borlesti,2612898,13729380
14253941,d,,BT,Comuna Tudora,3672030,13729380
14296586,d,,BR,Comuna Rosiori,4342774,13729380
14316390,d,,BR,Comuna Chiscani,13729380,4342669
14348553,d,,BR,Comuna Gropeni,4874755,13729380
14351052,f,,MM,Municipiul Baia Mare,13729380,3627692
14392133,d,,BR,Comuna Tichilesti,13729380,4342677
14413015,d,,BR,Comuna Romanu,4342693,13729380
14511714,d,,DJ,Comuna Afumati,5001953,13729380
14539910,d,,MM,Comuna Baita de sub Codru,3627161,13729380
14555281,f,,BN,Comuna Maieru,4512305,13729380
14596052,2,1,HR,Comuna Madaras
14597953,2,1,HR,Comuna Cozmeni
14625930,d,,DJ,Comuna Cotofenii din Dos,13729380,4553593
14647830,d,,HR,Comuna Cozmeni,14597953,13729380
14670850,2,1,BV,Comuna Sinca Noua
14706767,d,,DJ,Comuna Carpen,4553313,13729380
14728757,v,,MM,Municipiul Baia Mare,3627692
14754500,d,,SJ,Comuna Pericei,13729380,4495018
14756536,5,1,TM,Municipiul Timisoara
14813046,2,1,MM,Comuna Sieu
14835931,p,,BT,Municipiul Botosani,3372882
14838148,1,,B,Sectorul 1 al Municipiului Bucuresti,4364748
14850370,2,1,SV,Comuna Iaslovat
14866024,2,1,CJ,Comuna Negreni
14872808,d,,MS,Comuna Ideciu de Jos,4591449,13729380
14874973,f,,BH,Comuna Bratca,4738400,13729380
14889001,2,1,SV,Comuna Comanesti
14889931,f,,MM,Municipiul Sighetu Marmatiei,3695174,13729380
14932420,2,1,DB,Comuna Vulcana Pandele
14942091,1,,B,Sectorul 3 al Municipiului Bucuresti,4265841
14953600,2,1,SV,Comuna Ciocanesti
14970806,i,,BR,Comuna Ciresu,4342804,13729380
14981473,2,1,SM,Comuna Camin
14989140,p,,B,Sectorul 2 al Municipiului Bucuresti,4192545
14992545,d,,DJ,Comuna Vela,4553232,13729380
14992553,d,,DJ,Comuna Celaru,5046629,13729380
14992936,2,1,SJ,Comuna Simisna
14998033,d,,DJ,Comuna Scaesti,4554165,13729380
14998041,d,,DJ,Comuna Podari,4553399,13729380
15001551,d,,DJ,Comuna Lipov,4553704,13729380
15001560,d,,DJ,Comuna Amarastii de Sus,5001902,13729380
15001578,d,,DJ,Comuna Radovan,5077617,13729380
15001594,d,,DJ,Comuna Ghercesti,5046718,13729380
15001608,d,,DJ,Comuna Negoi,4553780,13729380
15001616,d,,DJ,Comuna Calopar,4554181,13729380
15001624,d,,DJ,Comuna Macesu de Sus,5002037,13729380
15006095,d,,DJ,Comuna Cerat,5046742,13729380
15006109,d,,DJ,Comuna Dobresti,4829975,13729380
15006265,d,,DJ,Comuna Sadova,4553437,13729380
15013408,d,,DJ,Comuna Bratovoesti,5046688,13729380
15013416,d,,DJ,Comuna Sopot,4553461,13729380
15013432,d,,DJ,Comuna Seaca de Camp,5002061,13729380
15050988,2,1,BN,Comuna Dumitrita
15057366,d,,DJ,Comuna Apele Vii,4553577,13729380
15057382,d,,DJ,Comuna Grecesti,5046750,13729380
15057404,f,,DJ,Comuna Amarastii de Jos,5001970,13729380
15057455,d,,DJ,Comuna Castranova,4554319,13729380
15057463,d,,DJ,Comuna Bradesti,13729380,4553747
15057471,d,,DJ,Comuna Seaca de Padure,4554106,13729380
15057480,d,,DJ,Comuna Murgasi,4553267,13729380
15057498,d,,DJ,Comuna Piscu Vechi,5002088,13729380
15057510,d,,DJ,Comuna Giubega,4553429,13729380
15057536,d,,DJ,Comuna Silistea Crucii,5001937,13729380
15057544,d,,DJ,Comuna Urzicuta,5046726,13729380
15057560,d,,DJ,Comuna Giurgita,5077595,13729380
15057579,i,,DJ,Comuna Valea Stanciului,4554017,13729380
15057587,d,,DJ,Comuna Bistret,4553895,13729380
15057617,d,,DJ,Comuna Caraula,4711421,13729380
15057633,d,,DJ,Comuna Ostroveni,4554254,13729380
15057765,d,,CL,Comuna Lupsanu,3796764,13729380
15070497,d,,DJ,Comuna Gighera,5001945,13729380
15075354,d,,DJ,Comuna Brabova,4554076,13729380
15075362,d,,DJ,Comuna Breasta,4554050,13729380
15089163,i,,DJ,Comuna Daneti,4553518,13729380
15089180,d,,DJ,Comuna Bulzesti,5001961,13729380
15092398,d,,DJ,Comuna Rast,5002134,13729380
15094178,i,,VL,Municipiul Ramnicu Valcea,13729380,2540813
15102319,d,,DJ,Comuna Cioroiasi,4554114,13729380
15115564,d,,DJ,Comuna Farcas,4553569,13729380
15115572,d,,DJ,Comuna Desa,5046696,13729380
15115580,d,,DJ,Comuna Motatei,4553305,13729380
15115599,d,,DJ,Comuna Perisor,5002010,13729380
15115602,d,,DJ,Comuna Virtop,4553526,13729380
15120307,d,,DJ,Comuna Predesti,4554041,13729380
15120315,d,,DJ,Comuna Galicea Mare,13729380,5046785
15123966,d,,DJ,Comuna Secu,5046734,13729380
15123974,d,,DJ,Comuna Leu,4553631,13729380
15128955,2,1,BN,Comuna Negrilesti
15132182,d,,DJ,Comuna Orodel,13729380,5002002
15138096,f,,B,Sectorul 5 al Municipiului Bucuresti,4433953,13729380
15141180,2,1,BV,Comuna Crizbav
15141199,d,,DJ,Comuna Ciupercenii Noi,5001880,13729380
15144098,d,,DJ,Comuna Robanesti,5002045,13729380
15151230,d,,DJ,Comuna Goiesti,13729380,4554203
15153770,d,,DJ,Comuna Terpezita,5002118,13729380
15153789,i,,DJ,Comuna Argetoaia,4554190,13729380
15170186,2,1,VL,Comuna Titesti
15226406,2,1,CT,Comuna Baraganu
15235749,f,,BH,Comuna Borod,4687250,13729380
15243873,d,,DJ,Comuna Izvoare,4553410,13729380
15277140,d,,IL,Orasul Tandarei,13729380,4364888
15295147,d,,IL,Municipiul Fetesti,4365077,13729380
15297903,2,1,BH,Comuna Tamaseu
15304644,2,1,BH,Comuna Paleu
15318810,x,,B,Sectorul 1 al Municipiului Bucuresti,4505359
15331312,v,,MM,Municipiul Baia Mare,3627315
15338175,1,,TL,Municipiul Tulcea,4321429
15348110,f,,BT,Municipiul Botosani,3372882,13729380
15378153,j,,B,Sectorul 3 al Municipiului Bucuresti,16335444
15399555,d,,MS,Comuna Zau de Campie,13729380,4375917
15418983,x,,SM,Municipiul Satu Mare,3897378
15534716,2,1,VN,Comuna Ploscuteni
15541160,2,1,VN,Comuna Paulesti
15541179,2,1,VN,Comuna Popesti
15552755,2,1,IL,Comuna Traian
15562570,7,1,PH,Orasul Mizil
15562708,2,1,SV,Comuna Horodnic de Sus
15578950,2,1,BV,Comuna Sambata de Sus
15579483,2,1,BH,Comuna Rosiori
15588368,2,1,SV,Comuna Serbauti
15606693,2,1,BN,Comuna Poiana Ilvei
15626402,2,1,AG,Comuna Raca
15646469,2,1,NT,Comuna Dochia
15648249,11,,AB,Orasul Cugir,5146873
15651082,2,1,DB,Comuna Vladeni
15651970,2,1,BH,Comuna Sanicolau Roman
15653830,2,1,MS,Comuna Chibed
15676370,2,1,BT,Comuna Dimacheni
15676389,2,1,BT,Comuna Lozna
15676397,2,1,BT,Comuna Cindesti
15676400,2,1,BT,Comuna Cosula
15707914,2,1,NT,Comuna Ruginoasa
15711982,2,1,TR,Comuna Nenciulesti
15729467,2,1,MM,Comuna Grosii Tiblesului
15733336,2,1,SV,Comuna Fantana Mare
15846807,i,,MM,Comuna Rozavlea,3627862,13729380
15877862,f,,MM,Municipiul Sighetu Marmatiei,3695174,13729380
15911360,2,1,AG,Comuna Vulturesti
15945231,2,1,NT,Comuna Ghindaoani
15955677,2,1,BR,Comuna Cazasu
15971184,2,1,SV,Comuna Cosna
15982094,a,,TL,Municipiul Tulcea,13729380
15984842,f,,NT,Orasul Roznov,2612901,13729380
15996227,2,1,TL,Comuna Vacareni
16029712,v,,AB,Municipiul Sebes,4331201
16031712,m,,B,Sectorul 5 al Municipiului Bucuresti,4221306
16031747,2,1,SV,Comuna Hantesti
16031763,2,1,SV,Comuna Capu Campului
16037847,d,,SV,Comuna Saru Dornei,4326884,13729380
16041520,d,,BT,Comuna Durnesti,3373420,13729380
16048420,2,1,GR,Comuna Malu
16051264,d,,SV,Comuna Todiresti,13729380,4326922
16054368,1,,B,Sectorul 1
16081591,d,,SV,Comuna Ilisesti,4326930,13729380
16081753,f,,MM,Comuna Petrova,3627684,13729380
16093790,d,,SV,Comuna Stulpicani,4326728,13729380
16093812,d,,SV,Comuna Rasca,4674781,13729380
16093820,d,,SV,Comuna Arbore,4326965,13729380
16132288,2,1,BH,Comuna Gepiu
16135764,d,,SV,Comuna Scheia,13729380,4327421
16146798,2,1,VS,Comuna Ibanesti
16171724,d,,HD,Municipiul Petrosani,4468943,13729380
16173067,d,,BR,Comuna Ulmu,4874712,13729380
16218223,f,,B,Sectorul 6 al Municipiului Bucuresti,4340730,13729380
16221458,d,,SV,Comuna Horodnic de Sus,13729380,15562708
16260082,2,1,CV,Comuna Mereni
16277408,1,,B,Sectorul 1 al Municipiului Bucuresti
16283140,f,,MS,Municipiul Targu Mures,13729380,4322823
16287088,2,1,NT,Comuna Valeni
16292084,d,,SV,Comuna Bilca,4327006,13729380
16300713,7,1,CL,Orasul Lehliu Gara
16309070,2,1,VS,Comuna Pogonesti
16312033,2,1,BZ,Comuna Unguriu
16318699,2,1,CV,Comuna Arcus
16332375,2,1,VN,Comuna Biliesti
16332383,2,1,VN,Comuna Obrejita
16335444,4,,B,Sectorul 5 al Municipiului Bucuresti
16341462,2,1,AR,Comuna Frumuseni
16341489,2,1,AR,Comuna Dorobanti
16343200,2,1,AR,Comuna Zadareni
16343285,2,1,SB,Comuna Boita
16346370,2,1,DJ,Comuna Carcea
16346508,2,1,PH,Comuna Vadu Sapat
16346516,2,1,PH,Comuna Cocorastii Colt
16350797,2,1,DJ,Comuna Rojiste
16350916,2,1,SM,Comuna Ciumesti
16350991,d,,VL,Comuna Alunu,13729380,2541363
16355433,2,1,CV,Comuna Bixad
16355441,2,1,CV,Comuna Dalnic
16355476,2,1,MS,Comuna Sarateni
16356722,2,1,VL,Comuna Mitrofani
16359583,2,1,MH,Comuna Vrata
16360499,2,1,BC,Comuna Sarata
16360642,2,1,TM,Comuna Parta
16363398,2,1,TL,Comuna Bestepe
16363452,2,1,SM,Comuna Agris
16363479,d,,SV,Comuna Vatra Moldovitei,4326680,13729380
16363517,2,1,HR,Comuna Santimbru
16363525,2,1,HR,Comuna Leliceni
16366130,2,1,NT,Comuna Gadinti
16366149,2,1,NT,Comuna Draganesti
16366807,2,1,SV,Comuna Voitinel
16367608,2,1,MM,Comuna Gardani
16367667,2,1,HR,Comuna Ciceu
16367675,2,1,HR,Comuna Porumbeni
16367837,2,1,TR,Comuna Dracea
16368328,2,1,VS,Comuna Dodesti
16368336,2,1,VS,Comuna Fruntiseni
16368344,2,1,VS,Comuna Ciocani
16371374,2,1,GL,Comuna Poiana
16371390,2,1,IL,Comuna Ograda
16371412,2,1,IL,Comuna Rosiori
16371471,2,1,PH,Comuna Olari
16373057,2,1,HR,Comuna Racu
16373340,2,1,VN,Comuna Gologanu
16376312,2,1,IL,Comuna Boranesti
16379238,2,1,VL,Comuna Diculesti
16380445,2,1,DJ,Comuna Intorsura
16380666,2,1,TR,Comuna Uda Clocociov
16380674,2,1,TR,Comuna Beciu
16380682,2,1,TR,Comuna Beuca
16380690,2,1,TR,Comuna Fantanele
16380704,2,1,TR,Comuna Purani
16380712,2,1,TR,Comuna Frasinet
16380763,2,1,VN,Comuna Rastoaca
16380780,2,1,VS,Comuna Rafaila
16384617,2,1,IL,Comuna Maia
16384625,2,1,IS,Comuna Valea Lupului
16384641,2,1,MM,Comuna Coas
16384650,2,1,MM,Comuna Coltau
16384773,2,1,CT,Comuna Saligny
16388171,2,1,DJ,Comuna Ghidici
16388180,2,1,SV,Comuna Burla
16388210,2,1,TR,Comuna Saelele
16391770,2,1,SV,Comuna Balaceana
16391789,2,1,SV,Comuna Ciprian Porumbescu
16393437,2,1,OT,Comuna Ghimpeteni
16396425,2,1,VS,Comuna Pochidia
16397889,2,1,DJ,Comuna Plesoi
16397900,2,1,DJ,Comuna Cotofenii din Fata
16397919,2,1,DJ,Comuna Galiciuica
16397927,2,1,DJ,Comuna Carna
16397960,2,1,AB,Comuna Cut
16399502,d,,CV,Comuna Dalnic,13729380,16355441
16399529,2,1,BV,Comuna Holbav
16402004,2,1,SV,Comuna Hartop
16402632,2,1,MS,Comuna Bereni
16403360,2,1,IS,Comuna Costesti
16404161,2,1,VL,Comuna Lacusteni
16404196,2,1,VS,Comuna Puscasi
16404200,2,1,NT,Comuna Pancesti
16404978,d,,DJ,Comuna Intorsura,16380445,13729380
16404994,2,1,DJ,Comuna Ghindeni
16405078,2,1,MM,Comuna Oncesti
16406308,2,1,BT,Comuna Blandesti
16407109,2,1,GR,Comuna Sabareni
16407117,2,1,GR,Comuna Cosoba
16407184,2,1,IS,Comuna Fantanele
16408686,2,1,MH,Comuna Branistea
16410414,2,1,MS,Comuna Corunca
16410627,2,1,IS,Comuna Bals
16410805,2,1,CV,Comuna Micfalau
16410813,d,,CV,Comuna Mereni,16260082,13729380
16414572,2,1,AG,Comuna Bughea de Sus
16414777,2,1,TM,Comuna Birda
16414785,2,1,TM,Comuna Padureni
16414840,d,,DJ,Comuna Cosoveni,13729380,4553534
16414858,d,,DJ,Comuna Ghidici,16388171,13729380
16414866,d,,DJ,Comuna Catane,13729380,16414874
16414874,2,1,DJ,Comuna Catane
16419200,d,,HR,Comuna Leliceni,16363525,13729380
16419227,d,,HR,Comuna Racu,16373057,13729380
16423570,2,1,DJ,Comuna Dobrotesti
16432269,2,1,CT,Comuna Cuza Voda
16434057,d,,CV,Comuna Bixad,16355433,13729380
16436600,2,1,BV,Comuna Dragus
16445706,2,1,MS,Comuna Madaras
16448702,d,,DJ,Comuna Carna,16397927,13729380
16449937,2,1,IS,Comuna Draguseni
16449961,d,,DJ,Comuna Cotofenii din Fata,16397900,13729380
16449996,d,,DJ,Comuna Galiciuica,16397919,13729380
16462219,2,1,GR,Comuna Heresti
16462227,2,1,GR,Comuna Isvoarele
16462898,j,,B,Sectorul 6,16335444
16476761,2,1,VS,Comuna Feresti
16476770,2,1,VS,Comuna Muntenii de Sus
16500541,2,1,TM,Comuna Ghilad
16511583,2,1,IS,Comuna Roscani
16513770,2,1,TM,Comuna Sandra
16517225,2,1,TM,Comuna Iecea Mare
16530186,d,,DJ,Comuna Ghindeni,16404994,13729380
16530194,d,,DJ,Comuna Dobrotesti,16423570,13729380
16544785,2,1,TM,Comuna Checea
16556488,2,1,OT,Comuna Gradinile
16560225,2,1,OT,Comuna Calui
16560233,2,1,OT,Comuna Gura Padinii
16561131,2,1,TM,Comuna Dudestii Noi
16570210,2,1,IS,Comuna Harmanesti
16573403,2,1,OT,Comuna Balteni
16573608,2,1,TM,Comuna Gottlob
16576043,2,1,GL,Comuna Radesti
16579635,2,1,OT,Comuna Ipotesti
16579643,2,1,OT,Comuna Osica De Jos
16587476,2,1,TM,Comuna Fibis
16590331,2,1,TM,Comuna Tomnatic
16594708,2,1,TM,Comuna Saravale
16602614,2,1,OT,Comuna Visina Noua
16602622,2,1,OT,Comuna Sarbii Magura
16607654,2,1,OT,Comuna Gavanesti
16616504,p,,PH,Comuna Floresti,2843620
16648298,d,,DJ,Comuna Rojiste,16350797,13729380
16655791,2,1,GL,Comuna Negrilesti
16670635,2,1,VS,Comuna Cozmesti
16762836,x,,B,Sectorul 3 al Municipiului Bucuresti,4420465
16832591,d,,SV,Comuna Balaceana,16391770,13729380
16866381,d,,SV,Comuna Burla,16388180,13729380
16973795,5,,B,Sectorul 6 al Municipiului Bucuresti
17075784,f,,IS,Comuna Tatarusi,13729380,4541408
17086821,d,,NT,Comuna Raucesti,2614236,13729380
17087924,x,,VL,Municipiul Ramnicu Valcea,2540929
17090393,x,,AR,Municipiul Arad,3519941
17090636,x,,TM,Municipiul Timisoara,4358029
17091429,x,,BH,Municipiul Oradea,4244997
17091437,2,1,OT,Comuna Soparlita
17091453,d,,SM,Comuna Micula,13729380,3897297
17091518,f,,HR,Orasul Cristuru Secuiesc,4367647,13729380
17093020,x,,BT,Municipiul Botosani,3372955
17093691,x,,B,Sectorul 2 al Municipiului Bucuresti,4204038
17093977,2,1,CT,Comuna Gradina
17094425,x,,GL,Municipiul Galati,3127476
17094468,f,,HR,Orasul Cristuru Secuiesc,13729380,4367647
17095927,x,,VS,Municipiul Vaslui,3394171
17101530,x,,VN,Municipiul Focsani,4350394
17104359,x,,DJ,Municipiul Craiova,4417150
17105745,d,,DJ,Municipiul Craiova,4417214,13729380
17105770,d,,DJ,Municipiul Craiova,4417214,13729380
17105788,d,,DJ,Municipiul Craiova,4417214,13729380
17105834,d,,DJ,Municipiul Calafat,4554424,13729380
17105842,d,,DJ,Municipiul Calafat,4554424,13729380
17107304,2,1,IS,Comuna Ciohorani
17108806,f,,NT,Comuna Pipirig,2614228,13729380
17123539,d,,IS,Orasul Podu Iloaiei,4541017,13729380
17123628,d,,NT,Comuna Cracaoani,2614163,13729380
17123652,d,,NT,Comuna Piatra Soimului,2613044,13729380
17126438,d,,IS,Comuna Ciohorani,17107304,13729380
17126470,d,,IS,Comuna Belcesti,4541211,13729380
17126497,d,,IS,Comuna Bals,16410627,13729380
17128587,f,,IF,Comuna Chiajna,4364527,13729380
17130250,f,,IS,Municipiul Iasi,4541580,13729380
17130374,f,,IS,Comuna Belcesti,4541211,13729380
17130404,d,,IS,Comuna Belcesti,4541211,13729380
17130412,d,,IS,Comuna Lungani,4540992,13729380
17130420,d,,IS,Comuna Lungani,4540992,13729380
17130439,i,,IS,Comuna Lungani,13729380,4540992
17130471,d,,IS,Comuna Ciortesti,4540666,13729380
17130480,d,,IS,Comuna Mironeasa,4540453,13729380
17130498,d,,IS,Comuna Dobrovat,4540607,13729380
17130536,d,,IS,Comuna Schitu Duca,4540321,13729380
17130544,i,,IS,Comuna Focuri,4540046,13729380
17140467,f,,IS,Municipiul Iasi,4541580,13729380
17140564,d,,IS,Municipiul Pascani,4541360,13729380
17140599,d,,IS,Comuna Todiresti,4541416,13729380
17140637,d,,IS,Comuna Ion Neculce,13729380,4541050
17140661,d,,IS,Comuna Baltati,13729380,4540976
17140696,d,,IS,Comuna Braesti,4540968,13729380
17140718,d,,IS,Comuna Rediu,4540348,13729380
17140750,i,,IS,Comuna Gropnita,4540534,13729380
17140793,d,,IS,Comuna Bivolari,4540682,13729380
17140815,d,,IS,Comuna Roscani,16511583,13729380
17140823,f,,IS,Comuna Scheia,4540330,13729380
17140831,d,,IS,Comuna Sipote,4540291,13729380
17140874,i,,IS,Comuna Fantanele,13729380,16407184
17145324,d,,IS,Comuna Erbiceni,4541254,13729380
17145340,d,,IS,Comuna Costesti,16403360,13729380
17145367,d,,IS,Comuna Strunga,4541041,13729380
17145375,d,,IS,Comuna Cucuteni,4540984,13729380
17145383,d,,IS,Comuna Oteleni,4541009,13729380
17145405,d,,IS,Comuna Gorban,13729380,4540569
17145421,d,,IS,Comuna Alexandru. I. Cuza,4540941,13729380
17145430,d,,IS,Comuna Draguseni,16449937,13729380
17145448,i,,IS,Comuna Dagata,13729380,4540615
17145480,d,,IS,Comuna Trifesti,4540232,13729380
17145499,f,,IS,Comuna Plugari,13729380,4540402
17145570,d,,NT,Comuna Tazlau,13729380,2613010
17150177,d,,IS,Comuna Mogosesti Siret,4541343,13729380
17150207,d,,IS,Comuna Costuleni,4540631,13729380
17150231,d,,IS,Comuna Dolhesti,4540593,13729380
17150258,d,,IS,Comuna Ipatele,4540496,13729380
17150266,d,,IS,Comuna Prisacani,13729380,4540372
17150274,i,,IS,Comuna Tibana,13729380,4540275
17150304,d,,IS,Comuna Tibana,13729380,4540275
17150320,d,,IS,Comuna Tibana,13729380,4540275
17152801,i,,IS,Comuna Victoria,4540305,13729380
17152828,d,,IS,Comuna Miroslava,4540461,13729380
17152836,d,,IS,Comuna Miroslava,4540461,13729380
17155638,i,,IS,Comuna Cotnari,13729380,4541220
17155646,d,,IS,Comuna Cotnari,13729380,4541220
17161001,d,,IS,Municipiul Iasi,13729380,4541580
17161028,d,,IS,Comuna Voinesti,4540208,13729380
17161036,d,,IS,Comuna Voinesti,4540208,13729380
17165267,d,,IS,Comuna Mogosesti,4540437,13729380
17165275,d,,IS,Comuna Ungheni,13729380,4540674
17166467,d,,IS,Orasul Hirlau,4541190,13729380
17166505,d,,IS,Comuna Ceplenita,13729380,4541246
17166556,d,,IS,Comuna Golaesti,4540577,13729380
17169307,f,,IS,Comuna Ciurea,13729380,4540658
17169323,d,,IS,Comuna Ciurea,13729380,4540658
17169447,d,,IS,Comuna Sinesti,4541033,13729380
17169471,f,,IS,Comuna Cozmesti,4540623,13729380
17179378,d,,IS,Comuna Deleni,4541203,13729380
17179408,d,,IS,Comuna Tiganasi,4540259,13729380
17179416,d,,IS,Comuna Scinteia,4540313,13729380
17179424,d,,IS,Comuna Scinteia,4540313,13729380
17179432,d,,IS,Comuna Comarna,13729380,4540640
17182594,d,,IS,Municipiul Iasi,4541580,13729380
17182608,i,,IS,Comuna Coarnele Caprei,13729380,4541238
17182640,d,,IS,Comuna Aroneanu,13729380,4540038
17187265,d,,DJ,Municipiul Bailesti,5002240,13729380
17187273,d,,DJ,Municipiul Bailesti,5002240,13729380
17187290,d,,DJ,Municipiul Bailesti,5002240,13729380
17191592,d,,NT,Orasul Targu Neamt,2614104,13729380
17192024,d,,IS,Comuna Deleni,13729380,4541203
17192032,d,,IS,Comuna Probota,4540364,13729380
17193836,d,,IS,Comuna Scobinti,4541270,13729380
17201343,d,,DJ,Orasul Segarcea,4554467,13729380
17207451,d,,IS,Comuna Andrieseni,4540704,13729380
17223210,d,,IS,Comuna Grajduri,4540542,13729380
17230616,d,,IS,Comuna Horlesti,13729380,4540500
17232390,f,,NT,Orasul Targu Neamt,2614104,13729380
17250885,d,,IS,Comuna Holboca,4540518,13729380
17272760,d,,SM,Comuna Pir,13729380,3897149
17286803,f,,SM,Municipiul Satu Mare,4038806,13729380
17286811,f,,SM,Municipiul Satu Mare,4038806,13729380
17286820,f,,SM,Municipiul Satu Mare,4038806,13729380
17300924,x,,B,Sectorul 6 al Municipiului Bucuresti,4340730
17306854,d,,SM,Comuna Moftin,13729380,3897092
17306870,d,,SM,Comuna Cehal,3896810,13729380
17306889,d,,SM,Comuna Santau,3897130,13729380
17312635,d,,SM,Municipiul Carei,13729380,4481160
17312651,d,,SM,Comuna Piscolt,3896704,13729380
17314148,d,,MM,Comuna Cicarlau,3627374,13729380
17322809,d,,SM,Municipiul Satu Mare,13729380,4038806
17322833,d,,SM,Comuna Ciumesti,16350916,13729380
17337702,f,,SM,Municipiul Satu Mare,4038806,13729380
17337729,d,,SM,Comuna Beltiug,3896534,13729380
17337761,d,,SM,Comuna Tiream,13729380,3963641
17337770,d,,SM,Orasul Negresti-Oas,3963951,13729380
17337818,d,,SM,Comuna Orasu Nou,3896844,13729380
17337826,d,,SM,Comuna Andrid,3897076,13729380
17337834,f,,SM,Comuna Supur,13729380,3897114
17337842,d,,SM,Comuna Bogdand,3896623,13729380
17337850,d,,SM,Comuna Cauas,3896836,13729380
17337869,d,,SM,Comuna Hodod,3963714,13729380
17339649,d,,SM,Comuna Homoroade,3963781,13729380
17344076,d,,SM,Comuna Batarci,3897165,13729380
17344130,f,,SM,Municipiul Satu Mare,13729380,4038806
17344165,d,,SM,Comuna Botiz,3896615,13729380
17344190,d,,SM,Comuna Odoreu,13729380,3897424
17344203,d,,SM,Comuna Turulung,3896569,13729380
17344211,f,,SM,Municipiul Carei,13729380,4481160
17344254,d,,SM,Comuna Camin,13729380,14981473
17344270,f,,SM,Comuna Turt,3896887,13729380
17344297,f,,SM,Orasul Negresti-Oas,13729380,3963951
17344327,d,,SM,Comuna Calinesti- Oas,3896860,13729380
17344343,f,,SM,Orasul Tasnad,3897122,13729380
17344360,d,,SM,Orasul Tasnad,3897122,13729380
17349111,d,,BR,Municipiul Braila,4205670,13729380
17352486,d,,BR,Municipiul Braila,4205670,13729380
17352567,d,,BR,Municipiul Braila,4205670,13729380
17352621,d,,SM,Comuna Vetis,13729380,3896577
17352648,d,,SM,Comuna Porumbesti,17530869,13729380
17352737,2,1,DB,Comuna Rascaeti
17352745,2,1,DB,Comuna Pietrari
17352753,2,1,DB,Comuna Raciu
17356429,d,,SM,Comuna Viile Satu Mare,3896640,13729380
17356445,d,,SM,Comuna Socond,13729380,3897459
17357262,d,,SM,Municipiul Satu Mare,13729380,4038806
17357289,d,,SM,Comuna Apa,3897416,13729380
17357378,d,,SM,Comuna Acas,3897386,13729380
17363221,d,,BR,Orasul Insuratei,4721220,13729380
17363450,d,,SM,Comuna Vama,3896895,13729380
17363469,d,,SM,Comuna Sauca,3963919,13729380
17369569,d,,BR,Comuna Surdila-Greci,13729380,4874666
17369577,d,,BR,Comuna Jirlau,13729380,4874690
17371950,d,,SM,Comuna Culciu,3897041,13729380
17371968,d,,SM,Comuna Terebesti,3963803,13729380
17374590,i,,BR,Comuna Stancuta,4874771,13729380
17374603,d,,BR,Comuna Mircea Voda,13729380,4874739
17375080,d,,SM,Comuna Doba,3963838,13729380
17375102,d,,SM,Comuna Pomi,13729380,3963820
17375110,d,,SM,Orasul Livada,3896852,13729380
17376388,d,,BR,Comuna Victoria,4342812,13729380
17378842,i,,BR,Comuna Sutesti,4342740,13729380
17378850,d,,BR,Comuna Gradistea,4342758,13729380
17378869,f,,BR,Comuna Maxineni,4721263,13729380
17378885,d,,BR,Comuna Unirea,4342707,13729380
17378893,d,,BR,Comuna Viziru,4874747,13729380
17378907,i,,BR,Comuna Viziru,4874747,13729380
17378915,d,,BR,Comuna Visani,4874704,13729380
17378966,d,,BR,Comuna Tudor Vladimirescu,4342731,13729380
17379015,d,,NT,Comuna Girov,2613141,13729380
17380184,d,,BR,Comuna Bordei Verde,4874798,13729380
17380257,d,,SM,Comuna Valea Vinului,13729380,3896950
17383415,d,,BR,Municipiul Braila,4205670,13729380
17383440,d,,BR,Comuna Bertestii de Jos,13729380,4874780
17386110,d,,IS,Comuna Tibanesti,13729380,4540267
17391388,d,,BR,Comuna Baraganul,4342820,13729380
17398360,f,,SB,Orasul Cisnadie,13729380,4406002
17404275,d,,BR,Comuna Scortaru Nou,4721280,13729380
17409582,d,,NT,Comuna Negresti,13729380,17474424
17415835,d,,SM,Comuna Dorolt,3963889,13729380
17422085,d,,SM,Comuna Lazuri,4074140,13729380
17441273,d,,SM,Comuna Paulesti,13729380,3897025
17450697,2,1,IL,Comuna Sarateni
17453693,2,1,IL,Comuna Platonesti
17466871,d,,NT,Comuna Poienari,2613788,13729380
17467699,2,1,IL,Comuna Colelia
17474424,2,1,NT,Comuna Negresti
17474432,d,,NT,Comuna Bahna,2613648,13729380
17490853,2,1,BV,Comuna Augustin
17493426,d,,SB,Municipiul Medias,4240677,13729380
17493450,d,,SB,Municipiul Medias,4240677,13729380
17495354,d,,SM,Comuna Craidorolt,13729380,3897106
17496848,d,,NT,Comuna Gircina,2612910,13729380
17496864,d,,NT,Comuna Zanesti,2612952,13729380
17512943,2,1,IF,Comuna Copaceni
17513000,2,1,TM,Comuna Valcani
17521291,2,1,BZ,Comuna Florica
17527456,2,1,SV,Comuna Berchisesti
17530869,2,1,SM,Comuna Porumbesti
17533458,d,,IS,Comuna Tomesti,4540240,13729380
17538340,2,1,BC,Comuna Prajesti
17538358,2,1,BC,Comuna Odobesti
17541604,2,1,IL,Comuna Marculesti
17558053,2,1,CL,Comuna Galbinasi
17560568,2,1,BC,Comuna Gioseni
17578760,d,,NT,Comuna Pancesti,13729380,16404200
17580999,2,1,BC,Comuna Bucium
17581650,2,1,BN,Comuna Ciceu Mihaiesti
17581668,2,1,BN,Comuna Runcu Salvei
17590461,2,1,TL,Comuna Valea Teilor
17598066,d,,NT,Municipiul Roman,2613583,13729380
17598074,d,,NT,Comuna Bira,2613672,13729380
17598082,d,,NT,Comuna Boghicea,17877362,13729380
17617869,d,,NT,Comuna Sagna,2613796,13729380
17637270,d,,SV,Comuna Berchisesti,13729380,17527456
17641395,d,,NT,Comuna Trifesti,2613842,13729380
17703714,d,,SB,Municipiul Medias,4240677,13729380
17713521,d,,SB,Municipiul Sibiu,4270740,13729380
17714411,f,,GL,Comuna Cudalbi,3655919,13729380
17720391,2,1,SJ,Comuna Boghis
17728964,d,,SB,Municipiul Sibiu,4270740,13729380
17728980,d,,SB,Comuna Hoghilag,4241230,13729380
17739513,d,,SB,Municipiul Sibiu,4270740,13729380
17739530,d,,SB,Municipiul Sibiu,13729380,4270740
17739548,d,,SB,Municipiul Sibiu,4270740,13729380
17739629,d,,SB,Municipiul Sibiu,4270740,13729380
17739637,d,,SB,Comuna Rosia,4480165,13729380
17739645,d,,SB,Comuna Mosna,13729380,4406240
17739653,d,,SB,Orasul Agnita,4270716,13729380
17739661,d,,SB,Comuna Barghis,4406088,13729380
17739688,d,,SB,Orasul Avrig,4241087,13729380
17739700,d,,SB,Comuna Biertan,4240944,13729380
17748210,d,,SB,Comuna Chirpar,4306976,13729380
17749029,2,1,CT,Comuna Fantanele
17750074,2,1,VN,Comuna Spulber
17761146,d,,BR,Comuna Rimnicelu,4721255,13729380
17771298,d,,SB,Comuna Blajel,4241168,13729380
17771301,d,,SB,Comuna Merghindeal,5192942,13729380
17771328,d,,SB,Comuna Arpasu de Jos,4270708,13729380
17771336,d,,SB,Comuna Cartisoara,13729380,4405929
17775613,d,,BR,Comuna Marasu,4342685,13729380
17789910,d,,SB,Comuna Bradeni,4240880,13729380
17789929,d,,SB,Comuna Sura Mica,4241109,13729380
17798935,d,,SB,Comuna Slimnic,13729380,4405988
17803896,d,,SB,Comuna Rau Sadului,4405902,13729380
17803918,d,,SB,Comuna Orlat,13729380,4240952
17809821,d,,NT,Comuna Savinesti,2613176,13729380
17821825,d,,SB,Comuna Vurpar,13729380,4406355
17841903,2,1,GL,Comuna Cuza-Voda
17842020,d,,SB,Comuna Brateiu,4406282,13729380
17848405,i,,NT,Municipiul Piatra Neamt,13729380,2612790
17852759,d,,SB,Comuna Porumbacu de Jos,4480246,13729380
17855364,f,,SB,Comuna Iacobeni,13729380,4307114
17855402,d,,SB,Comuna Gura Raului,4240960,13729380
17877362,2,1,NT,Comuna Boghicea
17893511,d,,SB,Comuna Altana,4307122,13729380
17893538,d,,SB,Comuna Boita,13729380,16343285
17896488,d,,SB,Comuna Racovita,4241150,13729380
17912745,d,,SB,Comuna Tilisca,4306933,13729380
17915130,d,,SB,Comuna Mihaileni,13729380,4700090
17915148,d,,SB,Comuna Marpod,4480238,13729380
17924960,d,,SB,Comuna Carta,13729380,4241249
17924979,d,,SB,Comuna Pauca,4241206,13729380
17926210,2,1,BC,Comuna Itesti
17926678,d,,NT,Comuna Podoleni,2612987,13729380
17929259,d,,SB,Comuna Selimbar,4406045,13729380
17945580,d,,SB,Comuna Jina,4480130,13729380
17954406,d,,NT,Municipiul Piatra Neamt,2612790,13729380
17954422,f,,NT,Municipiul Piatra Neamt,13729380,2612790
17954449,d,,SB,Comuna Nocrich,13729380,5999013
17958190,f,,CJ,Municipiul Gherla,13729380,4349071
17966770,1,,B,Sectorul 3 al Municipiului Bucuresti,4192812
17968592,f,,HD,Municipiul Deva,4374393,13729380
17973491,f,,CJ,Municipiul Cluj-Napoca,4305857,13729380
17973548,f,,NT,Municipiul Piatra Neamt,2612790,13729380
17973556,d,,NT,Comuna Doljesti,2613699,13729380
17978596,d,,CJ,Comuna Aghiresu,4722374,13729380
17978600,f,,CJ,Municipiul Cluj-Napoca,13729380,4305857
17978677,d,,CJ,Comuna Sacuieu,5698118,13729380
17978685,d,,CJ,Comuna Poieni,5979229,13729380
17983223,f,,MM,Orasul Tautii Magheraus,3627170,13729380
17983363,d,,CJ,Comuna Ploscos,13729380,5022212
17985739,d,,SB,Comuna Valea Viilor,13729380,4556212
17989900,d,,CJ,Comuna Apahida,4485243,13729380
17989935,d,,CJ,Municipiul Cluj-Napoca,4305857,13729380
17989943,f,,CJ,Municipiul Cluj-Napoca,4305857,13729380
17989951,d,,CJ,Comuna Feleacu,4354507,13729380
17989960,d,,CJ,Comuna Cojocna,5022204,13729380
17990069,d,,CJ,Comuna Mintiu Gherlii,13729380,4288250
17990077,d,,CJ,Comuna Negreni,13729380,14866024
17996576,d,,CJ,Comuna Palatca,5105687,13729380
17996606,d,,CJ,Comuna Caianu,13729380,4288217
17996614,f,,CJ,Comuna Gilau,13729380,4485421
17996630,d,,CJ,Comuna Capusu Mare,5909401,13729380
18001327,d,,CJ,Comuna Suatu,5303080,13729380
18001343,d,,CJ,Comuna Jucu,13729380,4426212
18001351,d,,CJ,Comuna Aschileu,13729380,4791935
18001360,d,,CJ,Comuna Borsa,4378778,13729380
18001386,d,,CJ,Comuna Chinteni,4923998,13729380
18001394,d,,CJ,Comuna Camarasu,4426166,13729380
18001408,d,,CJ,Comuna Panticeu,4426247,13729380
18001416,d,,CJ,Comuna Vultureni,4426298,13729380
18001440,d,,CJ,Comuna Taga,13729380,4288055
18001467,d,,CJ,Comuna Manastireni,13729380,5698096
18001980,d,,SJ,Orasul Simleul Silvaniei,4566658,13729380
18004463,d,,CJ,Comuna Geaca,4485413,13729380
18004471,d,,CJ,Comuna Sinpaul,4546987,13729380
18004480,d,,CJ,Comuna Floresti,4485391,13729380
18004498,d,,CJ,Comuna Catina,13729380,4426174
18004510,d,,CJ,Comuna Tureni,13729380,4378840
18004528,d,,CJ,Comuna Frata,13729380,4546944
18004544,d,,CJ,Comuna Tritenii de Jos,13729380,4426263
18004552,d,,CJ,Comuna Dabica,4378824,13729380
18004560,f,,CJ,Municipiul Cluj-Napoca,4305857,13729380
18004579,d,,CJ,Comuna Floresti,4485391,13729380
18004609,d,,CJ,Municipiul Cluj-Napoca,4305857,13729380
18004684,d,,CJ,Municipiul Campia Turzii,13729380,4354566
18004692,d,,CJ,Comuna Luna,13729380,4546960
18006367,d,,CJ,Comuna Mociu,4485472,13729380
18006375,f,,CJ,Municipiul Cluj-Napoca,4305857,13729380
18006383,d,,CJ,Comuna Savadisla,4889497,13729380
18006413,d,,CJ,Comuna Bontida,13729380,4565261
18006421,d,,CJ,Comuna Bontida,4565261,13729380
18006430,d,,CJ,Comuna Baciu,4378751,13729380
18008872,d,,CJ,Comuna Ceanu-Mare,5227935,13729380
18012652,i,,CJ,Municipiul Turda,13729380,4378930
18012660,d,,CJ,Municipiul Turda,13729380,4378930
18012695,d,,CJ,Municipiul Turda,13729380,4378930
18012709,d,,CJ,Comuna Iara,13729380,4546952
18012717,d,,CJ,Comuna Calatele,5626626,13729380
18012920,d,,SB,Comuna Atel,13729380,4406118
18017102,d,,CJ,Comuna Ciurila,4924004,13729380
18017110,d,,CJ,Comuna Moldovenesti,13729380,4426239
18017129,d,,CJ,Comuna Mihai Viteazu,13729380,4378832
18017137,d,,CJ,Comuna Valea Ierii,13729380,5562115
18017145,d,,CJ,Comuna Baisoara,13729380,5562093
18017161,d,,CJ,Comuna Iclod,4288241,13729380
18022478,d,,CJ,Comuna Viisoara,4426280,13729380
18028535,d,,CJ,Comuna Caseiu,4378794,13729380
18028586,d,,CJ,Comuna Cornesti,13729380,4426182
18029255,d,,SB,Comuna Laslea,13729380,4405937
18033086,d,,CJ,Comuna Mica,13729380,4485456
18033108,d,,CJ,Comuna Sandulesti,13729380,5548447
18035737,d,,CJ,Comuna Cuzdrioara,13729380,4546936
18042122,d,,NT,Comuna Dulcesti,2613702,13729380
18063990,d,,CJ,Comuna Bobalna,4378760,13729380
18064007,d,,CJ,Comuna Vad,13729380,4485502
18064350,d,,SB,Comuna Turnu Rosu,13729380,4603519
18064368,d,,SB,Comuna Apoldu de Jos,4678945,13729380
18076338,d,,SB,Comuna Seica Mare,13729380,4241052
18077236,2,1,IL,Comuna Gura Ialomitei
18102909,d,,NT,Comuna Ion Creanga,2613753,13729380
18102925,d,,NT,Comuna Tibucani,2614244,13729380
18190331,d,,TM,Comuna Jebel,5238993,13729380
18231245,d,,BZ,Municipiul Buzau,4233874,13729380
18235913,i,,NT,Comuna Valea Ursului,2613850,13729380
18252418,d,,SV,Comuna Paltinoasa,13729380,6552861
18252485,d,,SV,Orasul Vicovu de Sus,13729380,4327073
18252515,d,,SV,Orasul Vicovu de Sus,13729380,4327073
18257105,2,1,CV,Comuna Estelnic
18260526,d,,SV,Orasul Dolhasca,13729380,5461609
18262586,d,,NT,Comuna Dochia,13729380,15646469
18282656,d,,NT,Comuna Pastraveni,2614201,13729380
18297720,d,,CV,Comuna Estelnic,18257105,13729380
18301820,d,,NT,Comuna Dragomiresti,2613001,13729380
18332517,d,,SV,Comuna Marginea,4327030,13729380
18343435,f,,GJ,Municipiul Targu Jiu,13729380,4956065
18382485,2,1,BT,Comuna Adaseni
18389505,1,,B,Sectorul 1 al Municipiului Bucuresti,4266456
18396812,d,,MS,Comuna Glodeni,4322734,13729380
18488169,f,,BH,Comuna Bors,4390526,13729380
18498421,i,,GL,Comuna Ivesti,3601986,13729380
18531110,d,,MM,Comuna Stramtura,3694780,13729380
18548988,d,,SB,Comuna Seica Mica,4556247,13729380
18659447,d,,NT,Comuna Faurei,2613710,13729380
18701614,d,,CL,Orasul Budesti,13729380,4294154
18789935,d,,MM,Comuna Copalnic Manastur,3695115,13729380
18847416,d,,MM,Comuna Lapus,3627218,13729380
18866256,2,1,AB,Comuna Bucerdea Granoasa
18893021,2,1,IL,Comuna Barbulesti
18900838,d,,SJ,Comuna Napradea,4495042,13729380
18967668,d,,VN,Comuna Soveja,4447339,13729380
18968434,d,,GR,Comuna Bucsani,13729380,5026680
18974762,d,,VN,Comuna Tamboiesti,13729380,4297720
18974770,d,,VN,Comuna Suraia,4350610,13729380
18980241,d,,TR,Comuna Bogdana,13729380,5044440
18984529,d,,TR,Comuna Dracea,13729380,16367837
18984537,d,,TR,Comuna Salcia,13729380,4568624
18986449,d,,TR,Comuna Storobaneasa,13729380,4652791
18986457,d,,TR,Comuna Segarcea Vale,13729380,4568640
18986465,d,,TR,Comuna Cringeni,13729380,6853260
18986481,d,,TR,Comuna Galateni,13729380,6491837
18987266,d,,TR,Comuna Buzescu,13729380,4568454
18987290,d,,TR,Comuna Mirzanesti,13729380,5449672
18987347,d,,TR,Comuna Trivalea Mosteni,13729380,6853201
18987355,f,,TR,Comuna Botoroaga,13729380,6691916
18987444,d,,TR,Comuna Nanov,13729380,4568420
18987452,d,,TR,Comuna Draganesti De Vede,13729380,6853287
18987460,d,,TR,Comuna Suhaia,13729380,4732580
18987479,d,,TR,Comuna Fantanele,13729380,16380690
18987487,d,,TR,Comuna Tatarastii De Sus,13729380,6853210
18987495,d,,TR,Comuna Dobrotesti,13729380,6853279
18987509,d,,VN,Comuna Tataranu,4297860,13729380
18990423,d,,TR,Comuna Brinceni,4568446,13729380
18990431,d,,TR,Comuna Poroschia,13729380,4469027
18990440,d,,TR,Comuna Lita,4568578,13729380
18990466,d,,TR,Comuna Contesti,4568519,13729380
18990474,d,,TR,Orasul Zimnicea,13729380,4781141
18990504,d,,TR,Comuna Bujoreni,13729380,5655842
18990512,d,,TR,Comuna Babaita,13729380,4920517
18990520,d,,TR,Comuna Mavrodin,13729380,4732564
18990547,d,,TR,Comuna Putineiu,13729380,4568616
18990580,d,,TR,Comuna Scrioastea,13729380,6853317
18990598,d,,TR,Comuna Maldaieni,13729380,6692016
18990601,d,,TR,Comuna Virtoape,13729380,6938090
18990610,d,,TR,Comuna Dracsenei,6692008,13729380
18990628,d,,TR,Comuna Vedea,13729380,6826851
18990652,d,,TR,Comuna Smardioasa,13729380,4920541
18990660,d,,TR,Comuna Purani,13729380,16380704
18991119,d,,TR,Comuna Draganesti-Vlasca,13729380,5296560
18991135,d,,TR,Comuna Uda Clocociov,16380666,13729380
18991151,d,,TR,Comuna Stejaru,13729380,6692032
18991160,d,,TR,Comuna Frumoasa,4920533,13729380
18991178,d,,TR,Comuna Silistea,13729380,6853198
18994948,d,,TR,Comuna Tiganesti,13729380,5296579
18994956,d,,TR,Comuna Plosca,13729380,4652783
18994964,d,,TR,Comuna Beciu,13729380,16380674
18994972,d,,TR,Comuna Slobozia Mindra,13729380,4652821
18994980,d,,TR,Comuna Plopii Slavitesti,13729380,4652813
18994999,d,,TR,Comuna Islaz,4652805,13729380
18995013,d,,TR,Comuna Calmatuiu,4568586,13729380
18995030,d,,TR,Municipiul Rosiorii de Vede,13729380,4652694
18995048,d,,TR,Comuna Saceni,13729380,7059420
18995080,d,,TR,Comuna Cosmesti,13729380,6826835
18995099,d,,TR,Comuna Mereni,13729380,6691932
18995820,d,,TR,Comuna Calinesti,6491845,13729380
18995838,d,,TR,Comuna Tatarastii De Jos,4568403,13729380
18999732,d,,TR,Comuna Magura,13729380,4652775
18999740,d,,TR,Comuna Seaca,13729380,4568632
18999775,d,,TR,Comuna Balaci,13729380,6853244
18999783,d,,TR,Comuna Didesti,6691991,13729380
18999791,d,,TR,Comuna Calmatuiul De Sus,13729380,6853252
18999813,d,,TR,Comuna Poeni,13729380,6853180
18999821,d,,TR,Comuna Scurtu Mare,13729380,6691959
19001511,d,,TR,Comuna Sfintesti,6692024,13729380
19004364,d,,TR,Comuna Crangu,13729380,4568594
19004569,d,,TR,Comuna Furculesti,13729380,4652767
19004577,d,,TR,Comuna Beuca,13729380,16380682
19005262,d,,TL,Comuna Sarichioi,13729380,4508614
19016202,d,,TR,Comuna Blejesti,6853163,13729380
19016253,d,,VN,Comuna Bordesti,4297657,13729380
19020360,d,,TR,Comuna Lisa,13729380,6691975
19027325,d,,TR,Comuna Cervenia,13729380,4568497
19028436,d,,TR,Comuna Talpa,13729380,6826843
19032364,f,,GR,Orasul Mihailesti,5246201,13729380
19032992,d,,TR,Municipiul Turnu Magurele,13729380,4253731
19039338,d,,TR,Municipiul Turnu Magurele,4253731,13729380
19055350,d,,MM,Comuna Recea,3627757,13729380
19060780,d,,TR,Orasul Zimnicea,13729380,4652732
19062365,f,,BH,Comuna Popesti,5398340,13729380
19062373,d,,BH,Comuna Cociuba Mare,13729380,4856058
19066120,d,,TR,Municipiul Rosiorii de Vede,13729380,4652694
19074688,d,,BH,Comuna Auseu,4390488,13729380
19090080,f,,GR,Comuna Comana,5755124,13729380
19091352,f,,BN,Comuna Lechinta,4427064,13729380
19094120,d,,GR,Comuna Joita,13729380,5718320
19096295,d,,MS,Comuna Balauseri,4322416,13729380
19102028,d,,GR,Comuna Izvoarele,5182159,13729380
19102036,d,,GR,Comuna Gradinari,5874885,13729380
19102052,d,,GR,Comuna Heresti,13729380,16462219
19107793,d,,GR,Comuna Fratesti,5123586,13729380
19107815,d,,GR,Comuna Vedea,5519611,13729380
19107823,d,,GR,Comuna Roata de Jos,5123608,13729380
19107840,d,,GR,Comuna Isvoarele,16462227,13729380
19107858,d,,GR,Comuna Daia,5123675,13729380
19107874,d,,BH,Comuna Sinteu,13729380,4454964
19111581,d,,GR,Comuna Baneasa,13729380,5182140
19111590,d,,GR,Comuna Gogosari,5026621,13729380
19111603,d,,GR,Comuna Adunatii Copaceni,5246171,13729380
19111611,d,,GR,Comuna Bolintin Deal,13729380,5843129
19115419,d,,GR,Comuna Malu,16048420,13729380
19115427,d,,GR,Comuna Buturugeni,5519603,13729380
19115443,d,,GR,Comuna Bulbucata,5123659,13729380
19115451,d,,GR,Comuna Mirsa,5123616,13729380
19115460,d,,GR,Comuna Crevedia Mare,5246180,13729380
19115478,d,,GR,Comuna Valea Dragului,5026699,13729380
19122190,f,,BC,Municipiul Bacau,13729380,4278337
19125463,d,,BH,Comuna Finis,5518527,13729380
19125471,d,,BH,Comuna Rabagani,13729380,4454980
19127944,d,,GR,Comuna Slobozia,5123764,13729380
19127979,d,,GR,Comuna Sabareni,16407109,13729380
19127987,d,,GR,Comuna Cosoba,16407117,13729380
19127995,d,,GR,Comuna Gaiseni,5123578,13729380
19128001,d,,GR,Comuna Ogrezeni,5874850,13729380
19128010,d,,GR,Comuna Colibasi,5123624,13729380
19128044,d,,GR,Comuna Varasti,5026710,13729380
19128052,f,,GR,Comuna Prundu,13729380,5123640
19128060,d,,GR,Comuna Letca Noua,5123713,13729380
19128087,d,,GR,Comuna Greaca,5123667,13729380
19133407,d,,BH,Comuna Osorhei,13729380,4641288
19142332,d,,GR,Comuna Putineiu,5123594,13729380
19142340,d,,GR,Comuna Ghimpati,5123748,13729380
19142359,d,,GR,Comuna Vanatorii Mici,5026664,13729380
19146474,d,,GR,Comuna Gaujani,5026630,13729380
19146482,d,,GR,Comuna Stanesti,5123772,13729380
19146504,d,,GR,Comuna Gostinari,5182132,13729380
19159717,d,,BH,Comuna Salard,4641318,13729380
19161962,2,1,CL,Comuna Crivat
19163327,d,,BH,Comuna Husasau de Tinca,4349020,13729380
19166994,d,,GR,Comuna Clejani,5026702,13729380
19179374,d,,VS,Municipiul Husi,13729380,3602736
19180816,d,,GR,Comuna Toporu,5123705,13729380
19180824,d,,GR,Comuna Rasuceni,13729380,5026788
19180832,d,,GR,Comuna Schitu,5123632,13729380
19180840,d,,GR,Comuna Mihai Bravu,13729380,5246198
19190275,d,,BH,Comuna Ineu,4935208,13729380
19190321,d,,GR,Comuna Oinacu,13729380,5798583
19193069,d,,VS,Municipiul Vaslui,3337532,13729380
19198953,d,,GR,Comuna Stoenesti,5123683,13729380
19208585,d,,GR,Orasul Bolintin Vale,5483380,13729380
19213000,d,,BH,Comuna Ciumeghiu,4641300,13729380
19213034,d,,BH,Comuna Rosiori,15579483,13729380
19221843,d,,BH,Comuna Sambata,4577231,13729380
19221932,d,,VS,Municipiul Barlad,4539912,13729380
19221940,d,,VS,Municipiul Barlad,13729380,4539912
19229596,d,,BH,Comuna Carpinet,13729380,5003580
19229618,d,,BH,Comuna Hidiselu de Sus,4660743,13729380
19241778,d,,BH,Comuna Batar,4738419,13729380
19242099,d,,SB,Comuna Cristian,4240723,13729380
19259457,d,,BH,Comuna Madaras,13729380,5398366
19301705,d,,BH,Comuna Cristioru de Jos,13729380,4839987
19343077,d,,BH,Comuna Remetea,4577223,13729380
19386485,d,,BH,Orasul Vascau,4969090,13729380
19386493,d,,BH,Comuna Diosig,4820283,13729380
19386698,d,,NT,Comuna Icusesti,13729380,2613745
19487447,f,,GL,Comuna Corod,4393166,13729380
19587756,d,,NT,Comuna Oniceni,2613770,13729380
19592302,d,,BH,Comuna Cefa,4820275,13729380
19685010,d,,BH,Comuna Ceica,4784210,13729380
19725670,d,,MM,Comuna Miresu Mare,13729380,3627625
19880992,d,,BH,Comuna Lugasu de Jos,13729380,4411300
19881025,d,,BH,Comuna Avram Iancu,4794591,13729380
20210910,d,,BH,Comuna Biharia,4820305,13729380
20272301,d,,BH,Comuna Girisu de Cris,4883966,13729380
20434667,d,,BH,Comuna Rieni,13729380,4935194
20568677,2,1,TM,Comuna Livezile
20606479,1,,B,Sectorul 3 al Municipiului Bucuresti,4364748
20737040,d,,BH,Comuna Tetchea,4705942,13729380
20737121,d,,BH,Comuna Simian,4948305,13729380
20737148,d,,BH,Comuna Tamaseu,15297903,13729380
20745671,d,,B,Sectorul 1 al Municipiului Bucuresti,4505359,13729380
20745701,d,,B,Sectorul 1 al Municipiului Bucuresti,4505359,13729380
20745710,d,,B,Sectorul 1 al Municipiului Bucuresti,13729380,4505359
20745779,d,,B,Sectorul 1 al Municipiului Bucuresti,13729380,4505359
20745795,f,,B,Sectorul 1 al Municipiului Bucuresti,13729380,4505359
20769220,d,,B,Sectorul 1 al Municipiului Bucuresti,13729380,4505359
20769298,d,,B,Sectorul 1 al Municipiului Bucuresti,13729380,4505359
20769310,f,,B,Sectorul 1 al Municipiului Bucuresti,13729380,4505359
20769328,d,,B,Sectorul 1 al Municipiului Bucuresti,13729380,4505359
20769352,d,,B,Sectorul 1 al Municipiului Bucuresti,4505359,13729380
20776732,d,,SJ,Orasul Simleul Silvaniei,13729380,4566658
20794712,p,,PH,Orasul Urlati,2844189
20869025,d,,CV,Comuna Batani,4202177,13729380
20904750,d,,BH,Comuna Abram,13729380,4935178
21058080,f,,BH,Comuna Dobresti,5628791,13729380
21083521,d,,BH,Comuna Holod,5398374,13729380
21101334,o,,B,Sectorul 4 al Municipiului Bucuresti,4266456
21116130,f,,BN,Comuna Telciu,4512267,13729380
21149707,d,,GL,Comuna Cosmesti,3655943,13729380
21230410,d,,BH,Comuna Boianu Mare,5355683,13729380
21231245,d,,GL,Comuna Draguseni,4591309,13729380
2127028,5,1,HD,Municipiul Hunedoara
21281448,d,,BH,Comuna Lazareni,4660751,13729380
21319321,d,,MM,Comuna Satulung,3626905,13729380
21321640,d,,BC,Comuna Livezi,13729380,4278132
21321682,d,,BC,Comuna Racaciuni,13729380,4670330
21321968,d,,MS,Comuna Ceuasu de Campie,4323586,13729380
21331333,d,,OT,Municipiul Slatina,4394811,13729380
21403642,f,,SJ,Comuna Sag,13729380,4495123
21426263,d,,BH,Comuna Astileu,4660727,13729380
21426298,d,,BH,Orasul Sacueni,4593474,13729380
21437092,d,,BC,Comuna Stefan cel Mare,13729380,4278345
21453934,d,,BN,Orasul Sangeorz Bai,4347321,13729380
21454972,d,,BH,Comuna Chislaz,5398331,13729380
21454980,d,,BH,Comuna Chislaz,5398331,13729380
21469299,d,,BH,Comuna Pietroasa,4641326,13729380
21485375,d,,MS,Comuna Cristesti,4323357,13729380
21511431,d,,MS,Municipiul Targu Mures,4322823,13729380
21514071,d,,BH,Comuna Budureasa,5431667,13729380
21529331,f,,PH,Orasul Valenii de Munte,2842870,13729380
21534427,f,,SJ,Comuna Galgau,4495182,13729380
21539475,d,,BH,Comuna Balc,5431683,13729380
21539483,f,,BH,Comuna Sanmartin,4641296,13729380
21539840,d,,SJ,Comuna Balan,13729380,4291689
21568756,d,,BH,Comuna Derna,13729380,5316498
21568764,d,,BH,Comuna Salacea,4784300,13729380
21587561,d,,NT,Comuna Bozieni,2613664,13729380
21591325,f,,BT,Comuna Pomirla,3503678,13729380
21596993,d,,MM,Comuna Baiut,3694497,13729380
21599566,d,,GL,Comuna Valea Marului,13729380,3655900
21613741,d,,GL,Comuna Nicoresti,3878767,13729380
21616845,a,,IF,Orasul Buftea,13729380
21637961,d,,GL,Comuna Piscu,3127018,13729380
21638398,d,,SJ,Comuna Plopis,4291956,13729380
21638401,d,,SJ,Comuna Boghis,17720391,13729380
21643041,d,,GL,Comuna Namoloasa,3126632,13729380
21643521,d,,SJ,Comuna Bobota,4292013,13729380
21660638,d,,GL,Comuna Cavadinesti,3347048,13729380
21683542,d,,BT,Comuna Varfu Campului,3503627,13729380
21683666,f,,BT,Comuna Todireni,3373381,13729380
21689340,d,,MM,Comuna Cernesti,3627897,13729380
21702458,d,,SJ,Comuna Valcau de Jos,13729380,4291930
21702750,d,,GL,Comuna Gohor,3814712,13729380
21716984,d,,GL,Comuna Branistea,4461970,13729380
21717645,d,,BH,Comuna Dragesti,4784202,13729380
21717807,d,,BT,Comuna Albesti,13729380,3373519
21726058,d,,BH,Comuna Sanicolau Roman,13729380,15651970
21742126,d,,BH,Comuna Tauteu,4784237,13729380
21742134,d,,BH,Comuna Tauteu,4784237,13729380
21742177,d,,BH,Comuna Cetariu,4390518,13729380
21742193,d,,BH,Comuna Buduslau,5431713,13729380
21759624,d,,GL,Comuna Vladesti,3126578,13729380
21764566,d,,BT,Comuna Sulita,3373357,13729380
21769911,2,1,SV,Comuna Poieni Solca
21799092,f,,BT,Orasul Flamanzi,3372173,13729380
21859399,d,,SJ,Comuna Creaca,13729380,4291646
21874127,f,,BT,Comuna Cotusca,3372157,13729380
21886075,d,,GL,Comuna Fartanesti,4802813,13729380
21902103,d,,GL,Comuna Independenta,13729380,4040172
21923386,d,,GL,Comuna Sendreni,13729380,3553269
21951289,d,,BH,Comuna Varciorog,13729380,4650600
21952632,d,,GL,Comuna Balabanesti,4499303,13729380
21960821,d,,BC,Comuna Corbasca,13729380,4278396
21965748,d,,SJ,Comuna Camar,4495263,13729380
21971740,d,,BT,Comuna Hlipiceni,3373365,13729380
21972540,d,,GL,Comuna Balasesti,4412217,13729380
21972850,d,,SJ,Comuna Dobrin,4291573,13729380
21993950,d,,GL,Comuna Movileni,3814747,13729380
22035948,d,,SJ,Comuna Ip,13729380,4291697
22056363,d,,BH,Comuna Tulca,13729380,5149128
22056746,d,,GL,Comuna Suceveni,4436216,13729380
22092005,i,,BT,Comuna Suharau,3433912,13729380
22098016,d,,GL,Comuna Frumusita,3952219,13729380
22209840,f,,CT,Municipiul Constanta,4785631,13729380
22278777,d,,BT,Comuna Blindesti,16406308,13729380
22311210,d,,SJ,Comuna Marca,13729380,4291948
22403640,d,,SJ,Comuna Samsud,4291999,13729380
22459943,d,,GL,Comuna Virlezi,4412233,13729380
22467911,d,,BZ,Municipiul Buzau,4233874,13729380
22485721,d,,BH,Comuna Gepiu,13729380,16132288
22533462,d,,GL,Comuna Beresti-Meria,3346867,13729380
22580707,d,,BH,Comuna Tarcea,5199045,13729380
22581923,d,,GL,Comuna Scinteiesti,3127093,13729380
22584954,d,,MS,Comuna Bahnea,13729380,4565121
22594397,d,,BH,Comuna Saniob,4820291,13729380
22622667,f,,BH,Municipiul Oradea,4230487,13729380
22640248,f,,PH,Municipiul Ploiesti,2844855,13729380
22673610,d,,GL,Comuna Buciumeni,3878775,13729380
22711594,d,,BT,Comuna Baluseni,3433890,13729380
22711608,d,,BT,Comuna Frumusica,13729380,3373322
22725492,d,,GL,Comuna Vanatori,4393212,13729380
22729133,d,,BH,Comuna Uileacu de Beius,13729380,4784172
22748887,d,,VN,Comuna Balesti,13729380,4410704
22751319,d,,VS,Comuna Lipovat,3394244,13729380
22760139,d,,CL,Municipiul Calarasi,13729380,4445370
22769987,d,,BZ,Comuna Merei,3662541,13729380
22786465,d,,BH,Comuna Copacel,4883974,13729380
22794999,d,,BH,Comuna Petreu,13729380,5431691
22800292,d,,VN,Comuna Tanasoaia,4297789,13729380
22800306,d,,VN,Comuna Corbita,4298121,13729380
22800314,d,,VN,Comuna Homocea,4350688,13729380
22811844,d,,VN,Comuna Sihlea,4447436,13729380
22835550,d,,MM,Comuna Basesti,3694799,13729380
22838777,1,,B,Sectorul 1 al Municipiului Bucuresti
22850258,d,,VN,Comuna Chiojdeni,13729380,4350769
22885191,d,,VN,Comuna Andreiasu de Jos,4447304,13729380
22920140,d,,BH,Comuna Spinus,4755452,13729380
22997438,f,,GJ,Comuna Rosia de Amaradia,4898487,13729380
23009793,d,,BT,Comuna Dingeni,3373535,13729380
23012292,d,,MM,Comuna Coltau,13729380,16384650
23012322,d,,BT,Comuna Paltinis,3571559,13729380
23023259,d,,SJ,Comuna Mirsid,4291603,13729380
23025934,f,,AG,Orasul Mioveni,4318199,13729380
23062754,2,1,TM,Comuna Pesac
23070129,2,1,TM,Comuna Bucovat
23095212,d,,BT,Comuna Viisoara,3372149,13729380
23102034,d,,NT,Comuna Horia,2613737,13729380
23102042,d,,NT,Comuna Stanita,13729380,2613818
23104558,d,,BC,Comuna Lipova,13729380,4535899
23104582,d,,BC,Comuna Itesti,13729380,17926210
23104604,d,,BC,Comuna Gaiceana,13729380,4455307
23109440,d,,BC,Comuna Dealu Morii,13729380,4352913
23122767,d,,BC,Comuna Berzunti,13729380,4455480
23141440,d,,BC,Comuna Urechesti,13729380,4352700
23141521,d,,BC,Comuna Stanisesti,13729380,4670216
23173965,d,,MS,Comuna Sanpetru de Campie,4619132,13729380
23259072,2,1,BH,Comuna Toboliu
23295121,d,,BT,Comuna Mileanca,3571567,13729380
23383622,f,,BT,Comuna Ungureni,3571583,13729380
23391757,f,,BC,Municipiul Bacau,13729380,4278337
23410107,11,,B,Sectorul 1,4505359
23416088,d,,BT,Comuna Rauseni,13729380,3373373
23416401,d,,CL,Municipiul Calarasi,13729380,4445370
23491497,d,,BT,Comuna Havarna,13729380,3643884
23537497,d,,CL,Municipiul Calarasi,13729380,4445370
23561614,f,,VL,Orasul Baile Olanesti,2541215,13729380
23572931,f,,CL,Comuna Borcea,13729380,3966389
23578071,d,,BT,Comuna Curtesti,3433866,13729380
23590202,d,,CT,Orasul Navodari,13729380,4618382
23601565,f,,GJ,Comuna Baia de Fier,4718896,13729380
23631540,d,,GL,Comuna Priponesti,4322262,13729380
23631558,d,,GL,Comuna Certesti,4089095,13729380
23635746,d,,NT,Comuna Valeni,13729380,16287088
23641861,d,,BT,Comuna Dobirceni,3373543,13729380
23651032,d,,BC,Municipiul Bacau,13729380,4278337
23665453,d,,GL,Comuna Negrilesti,16655791,13729380
23676983,f,,MM,Comuna Ocna Sugatag,3694535,13729380
23711460,d,,GL,Comuna Poiana,16371374,13729380
23742424,d,,GL,Comuna Baneasa,4298571,13729380
23765061,d,,GL,Comuna Foltesti,3126802,13729380
23772786,d,,CL,Comuna Perisoru,13729380,3796888
23788944,d,,CL,Comuna Valea Argovei,13729380,4445338
23815933,d,,VN,Municipiul Focsani,16332383,13729380
23822809,d,,GL,Comuna Cuca,3127000,13729380
23852974,d,,CL,Comuna Ciocanesti,13729380,3796780
23852990,d,,CL,Comuna Spantov,13729380,4293957
23860845,d,,IL,Comuna Mihail Kogalniceanu,4428078,13729380
23860853,d,,IL,Comuna Gura Ialomitei,13729380,18077236
23901929,d,,CL,Comuna Cuza Voda,13729380,3796896
23905963,d,,GL,Comuna Jorasti,13729380,3701837
23909094,d,,IL,Comuna Valea Ciorii,4428035,13729380
23913214,d,,GL,Comuna Cuza-Voda,17841903,13729380
23913494,d,,IL,Comuna Facaeni,4365379,13729380
23923099,d,,CL,Comuna Dor Marunt,13729380,3796730
23923102,d,,CL,Comuna Dor Marunt,13729380,3796730
23923110,d,,CL,Comuna Ileana,13729380,3796950
23944016,d,,CL,Comuna Stefan Voda,13729380,4133000
23944024,d,,CL,Comuna Minastirea,13729380,3796853
23944032,d,,CL,Comuna Ulmeni,13729380,3796691
23944067,d,,CL,Comuna Mitreni,13729380,3966290
23976050,d,,GL,Comuna Smulti,4412209,13729380
23982826,d,,CL,Comuna Nicolae Balcescu,3966338,13729380
23982834,d,,CL,Comuna Roseti,13729380,4294146
23982842,d,,CL,Comuna Vilcelele,13729380,3796837
23982869,d,,CL,Comuna Chirnogi,13729380,3966303
23982877,d,,CL,Comuna Chirnogi,13729380,3966303
23995230,d,,B,Sectorul 2 al Municipiului Bucuresti,13729380,4204038
23995257,d,,B,Sectorul 2 al Municipiului Bucuresti,4204038,13729380
23995427,d,,HD,Orasul Aninoasa,4468994,13729380
23998938,d,,BH,Comuna Curtuiseni,4856066,13729380
24004450,d,,BT,Comuna Roma,3372114,13729380
24006116,d,,BV,Comuna Racos,4646935,13729380
24006230,d,,BT,Comuna Mihaileni,3672006,13729380
24014380,p,,MS,Municipiul Targu Mures,4322980
24018218,d,,CL,Comuna Independenta,3966370,13729380
24018234,d,,CL,Comuna Chiselet,13729380,3796799
24018269,d,,CL,Comuna Curcani,13729380,3796926
24018277,d,,CL,Orasul Fundulea,13729380,3797131
24024520,d,,CL,Comuna Dragos Voda,13729380,4445281
24024554,d,,CL,Comuna Vasilati,13729380,3796918
24027178,d,,B,Sectorul 2 al Municipiului Bucuresti,4204038,13729380
24027216,d,,B,Sectorul 2 al Municipiului Bucuresti,4204038,13729380
24027275,f,,B,Sectorul 2 al Municipiului Bucuresti,4204038,13729380
24030785,d,,GL,Comuna Radesti,16576043,13729380
2406871,5,1,BZ,Municipiul Ramnicu Sarat
24068941,d,,MM,Comuna Coroieni,3627099,13729380
2407559,2,1,BZ,Comuna Costesti
2407591,2,1,BZ,Comuna Stilpu
2407834,2,1,BZ,Comuna Balta Alba
2407842,2,1,BZ,Comuna Boldu
2407850,2,1,BZ,Comuna Valcelele
2407869,2,1,BZ,Comuna Balaceanu
2407877,2,1,BZ,Comuna Cochirleanca
2407885,2,1,BZ,Comuna Puiesti
2407893,2,1,BZ,Comuna Podgoria
2407907,2,1,BZ,Comuna Ramnicelu
2407915,2,1,BZ,Comuna Ziduri
2407931,2,1,BZ,Comuna Ghergheasa
24079550,d,,CL,Comuna Jegalia,13729380,3796756
24079568,d,,CL,Comuna Belciugatele,13729380,3966419
24082431,d,,CL,Comuna Gradistea,13729380,4602688
24120195,d,,CL,Comuna Vlad Tepes,3796829,13729380
24127606,d,,CL,Comuna Fundeni,13729380,3796942
24145505,d,,BH,Comuna Cherechiu,13729380,5722747
24157259,d,,CL,Comuna Modelu,13729380,3966354
24157267,d,,CL,Comuna Modelu,13729380,3966354
24167937,f,,BN,Comuna Rodna,4512321,13729380
24185682,d,,CL,Comuna Plataresti,13729380,3796900
24197440,d,,VN,Comuna Mera,4350726,13729380
24211501,o,,B,Sectorul 2 al Municipiului Bucuresti,4266456
24229509,d,,CL,Comuna Unirea,13729380,3796772
24234688,d,,CL,Comuna Ulmu,13729380,3796861
24249727,d,,CL,Comuna Galbinasi,13729380,17558053
24272169,d,,CL,Comuna Alexandru Odobescu,3966281,13729380
24288211,d,,CL,Comuna Dorobantu,4294014,13729380
24288220,d,,CL,Comuna Dichiseni,13729380,3796713
24288246,d,,CL,Comuna Sohatu,4445214,13729380
24296605,2,1,TM,Comuna Otelec
24312271,d,,BV,Comuna Vistea,4443418,13729380
24312336,d,,CL,Comuna Nana,13729380,4445222
24331834,2,1,GL,Comuna Suhurlui
24373465,d,,CL,Comuna Luica,13729380,3796810
24411321,f,,BC,Comuna Ghimes-Faget,13729380,4277870
24428390,d,,VN,Comuna Ciorasti,13729380,4350432
24437410,d,,VS,Orasul Negresti,13729380,13407333
24437674,f,,CV,Orasul Intorsura Buzaului,13729380,4404370
24457701,f,,CJ,Municipiul Turda,4378930,13729380
24469447,d,,CL,Comuna Frasinet,3966397,13729380
24494378,d,,CL,Comuna Frumusani,13729380,3796969
24538920,d,,MM,Comuna Leordina,3694900,13729380
24553423,f,,IL,Municipiul Slobozia,4365352,13729380
24558692,d,,CL,Comuna Gurbanesti,13729380,3796705
24560226,f,,BZ,Municipiul Ramnicu Sarat,2406871,13729380
24564937,d,,BZ,Municipiul Ramnicu Sarat,2406871,13729380
24611940,d,,CL,Comuna Tamadau Mare,13729380,3966346
24630631,d,,BZ,Municipiul Rimnicu Sarat,2406871,13729380
24630640,d,,BZ,Municipiul Ramnicu Sarat,2406871,13729380
24636600,d,,BC,Comuna Vultureni,13729380,4455170
24639665,d,,BC,Comuna Letea Veche,13729380,4455021
24669780,d,,BC,Comuna Pancesti,13729380,4455552
24688080,d,,BV,Comuna Jibert,13729380,4801397
24702169,d,,VS,Comuna Cozmesti,16670635,13729380
24703547,d,,BZ,Comuna Podgoria,13729380,2407893
24707565,d,,MM,Comuna Oarta de Jos,13729380,3694756
24708439,w,,B,Sectorul 1 al Municipiului Bucuresti,4266669
24757350,f,,IF,Orasul Voluntari,13729380,4283481
24787165,d,,BH,Comuna Toboliu,23259072,13729380
24797924,d,,BT,Comuna Hiliseu-Horia,4524938,13729380
24803449,d,,CL,Orasul Lehliu Gara,16300713,13729380
2483246,2,1,TM,Comuna Nadrag
24834607,d,,CL,Comuna Soldanu,3796934,13729380
24868499,d,,GL,Municipiul Galati,13729380,3814810
2487752,f,,TM,Municipiul Timisoara,13729380,14756536
24882850,d,,MM,Comuna Ardusat,3627870,13729380
24886126,d,,SJ,Comuna Agrij,13729380,4291549
24888674,d,,MS,Municipiul Tirgu Mures,4322823,13729380
24901056,d,,BT,Comuna Cristesti,3672057,13729380
24901064,d,,BT,Comuna Lunca,3373390,13729380
24902647,d,,MM,Orasul Baia Sprie,13729380,3694918
24903766,f,,BT,Municipiul Botosani,13729380,3372882
2491338,f,,TM,Municipiul Timisoara,14756536,13729380
2491516,r,,TM,Municipiul Timisoara,13633330
24918864,f,,BN,Municipiul Bistrita,4347569,13729380
24931499,4,,B,Sectorul 1 al Municipiului Bucuresti
24965718,d,,IF,Comuna Branesti,13729380,4420724
25003649,d,,BZ,Comuna Tisau,13729380,4055734
25011730,d,,BT,Comuna Cordareni,8613981,13729380
2502496,f,,TM,Orasul Buzias,2502534,13729380
2502534,7,1,TM,Orasul Buzias
25026120,d,,MM,Comuna Valea Chioarului,3694543,13729380
2502763,7,1,TM,Orasul Jimbolia
2502771,p,,TM,Orasul Jimbolia,2502763
2503378,7,1,TM,Orasul Deta
2503408,p,,TM,Orasul Deta,2503378
2506200,2,1,TM,Comuna Sag
25075998,d,,BZ,Comuna Ziduri,13729380,2407915
2509958,7,1,TM,Orasul Faget
2510235,2,1,TM,Comuna Manastiur
25104511,d,,SJ,Comuna Hereclean,13729380,4291581
25104520,d,,SJ,Comuna Coseiu,4291590,13729380
25110165,d,,BT,Comuna Gorbanesti,13729380,3373527
2512589,7,1,TM,Orasul Recas
2512597,f,,TM,Orasul Recas,2512589,13729380
2516009,d,,TM,Comuna Voiteg,13729380,2516033
2516033,2,1,TM,Comuna Voiteg
2516092,f,,TM,Orasul Gataia,13729380,4357988
25198010,d,,SJ,Comuna Simisna,14992936,13729380
25198028,d,,SJ,Comuna Rus,4495174,13729380
25198036,d,,MM,Comuna Remeti,3695298,13729380
25200438,d,,SJ,Comuna Zalha,4495220,13729380
25205834,d,,SJ,Comuna Sanmihaiu Almasului,4637635,13729380
25222517,f,,SM,Municipiul Satu Mare,4038806,13729380
25229094,d,,BZ,Comuna Posta Cilnau,3724520,13729380
25245286,d,,BT,Comuna Prajeni,3373330,13729380
25254683,d,,BT,Comuna Rachiti,3372106,13729380
25268794,d,,OT,Comuna Gradinari,5139779,13729380
25284153,d,,OT,Comuna Osica De Jos,16579643,13729380
25288457,d,,OT,Comuna Cirlogani,4491210,13729380
25288465,d,,OT,Comuna Brincoveni,4984529,13729380
25288473,f,,OT,Comuna Osica De Sus,4716801,13729380
25288503,d,,OT,Comuna Pirscoveni,13729380,4395043
25299154,d,,OT,Orasul Bals,4286429,13729380
25299162,d,,OT,Comuna Gavanesti,16607654,13729380
25299170,d,,OT,Comuna Bobicesti,4491148,13729380
25299189,f,,OT,Comuna Cilieni,13729380,5102346
25299197,d,,OT,Comuna Rusanesti,5139809,13729380
25299200,d,,OT,Comuna Visina Noua,16602614,13729380
25299219,d,,OT,Comuna Obarsia,5139710,13729380
25299235,d,,OT,Comuna Vadastra,13729380,5139841
25299243,d,,OT,Comuna Optasi Magura,5139744,13729380
25306162,d,,OT,Comuna Ganeasa,5209858,13729380
25306200,d,,OT,Comuna Brebeni,4716763,13729380
25306219,d,,OT,Comuna Milcov,5102354,13729380
25306243,d,,OT,Comuna Izbiceni,5139868,13729380
25306251,d,,OT,Comuna Tia Mare,13729380,5139833
25306502,d,,OT,Comuna Serbanesti,5139850,13729380
25320418,d,,SJ,Comuna Zimbor,4637643,13729380
25323031,d,,OT,Comuna Dobrosloveni,4395035,13729380
25323066,d,,OT,Comuna Orlea,4394633,13729380
25323074,d,,OT,Comuna Gura Padinii,16560233,13729380
25330543,d,,OT,Comuna Valea Mare,13729380,4394544
25361175,d,,OT,Comuna Gradinile,16556488,13729380
25361191,d,,OT,Comuna Brastavatu,5148351,13729380
25393932,d,,SJ,Comuna Fildu de Jos,4637627,13729380
2539479,f,,VL,Orasul Berbesti,13729380,2541355
2539487,2,1,VL,Comuna Ghioroiu
2539495,2,1,VL,Comuna Rosiile
2540627,2,1,VL,Comuna Nicolae Balcescu
2540635,2,1,VL,Comuna Vladesti
2540651,2,1,VL,Comuna Daesti
2540660,2,1,VL,Comuna Milcoiu
2540678,2,1,VL,Comuna Muereasca
2540759,f,,VL,Municipiul Ramnicu Valcea,2540813,13729380
2540813,5,1,VL,Municipiul Ramnicu Valcea
2540821,f,,VL,Municipiul Ramnicu Valcea,13729380,2540813
2540872,f,,VL,Municipiul Ramnicu Valcea,13729380,2540813
2540899,7,1,VL,Orasul Ocnele Mari
2540929,3,1,VL,Municipiul Ramnicu Valcea
2540937,f,,VL,Municipiul Ramnicu Valcea,2540813,13729380
2540953,f,,VL,Municipiul Ramnicu Valcea,13729380,2540813
2541002,2,1,VL,Comuna Golesti
2541010,2,1,VL,Comuna Bujoreni
2541029,2,1,VL,Comuna Runcu
2541088,f,,VL,Municipiul Ramnicu Valcea,2540813,13729380
2541100,2,1,VL,Comuna Francesti
2541118,2,1,VL,Comuna Galicea
2541126,2,1,VL,Comuna Popesti
2541134,2,1,VL,Comuna Sirineasa
2541142,2,1,VL,Comuna Stoilesti
2541150,f,,VL,Municipiul Ramnicu Valcea,2540813,13729380
2541177,7,1,VL,Orasul Babeni
2541207,f,,VL,Municipiul Ramnicu Valcea,2540813,13729380
2541215,7,1,VL,Orasul Baile Olanesti
2541231,f,,VL,Municipiul Ramnicu Valcea,13729380,2540813
2541290,2,1,VL,Comuna Stanesti
2541320,2,1,VL,Comuna Gradistea
2541347,2,1,VL,Comuna Mateesti
2541355,7,1,VL,Orasul Berbesti
2541363,2,1,VL,Comuna Alunu
2541371,2,1,VL,Comuna Livezi
2541380,2,1,VL,Comuna Zatreni
2541401,2,1,VL,Comuna Vaideeni
2541444,2,1,VL,Comuna Cernisoara
2541452,2,1,VL,Comuna Copaceni
2541460,2,1,VL,Comuna Roesti
2541479,7,1,VL,Orasul Horezu
2541495,2,1,VL,Comuna Lapusata
2541509,2,1,VL,Comuna Costesti
2541517,2,1,VL,Comuna Slatioara
2541525,2,1,VL,Comuna Stroesti
2541533,2,1,VL,Comuna Otesani
2541541,2,1,VL,Comuna Maldaresti
2541550,2,1,VL,Comuna Tomsani
2541584,2,1,VL,Comuna Maciuca
2541614,f,,VL,Orasul Calimanesti,2541630,13729380
2541630,7,1,VL,Orasul Calimanesti
2541649,2,1,VL,Comuna Berislavesti
2541657,2,1,VL,Comuna Boisoara
2541665,2,1,VL,Comuna Salatrucel
2541673,2,1,VL,Comuna Racovita
2541681,2,1,VL,Comuna Ciineni
2541690,2,1,VL,Comuna Voineasa
2541703,2,1,VL,Comuna Perisani
2541711,2,1,VL,Comuna Lalosu
2541720,7,1,VL,Orasul Balcesti
2541738,2,1,VL,Comuna Fauresti
2541746,2,1,VL,Comuna Tetoiu
2541754,2,1,VL,Comuna Valea Mare
2541762,f,,VL,Orasul Balcesti,13729380,2541720
2541819,2,1,VL,Comuna Bunesti
2541827,7,1,VL,Orasul Baile Govora
2541835,2,1,VL,Comuna Mihaesti
2541843,2,1,VL,Comuna Barbatesti
2541851,2,1,VL,Comuna Pausesti
2541860,2,1,VL,Comuna Stoenesti
2541894,7,1,VL,Orasul Brezoi
2541940,f,,VL,Orasul Brezoi,13729380,2541894
25425074,f,,OT,Comuna Iancu Jianu,4394838,13729380
25502860,1,,B,Sectorul 4 al Municipiului Bucuresti,4267117
25517313,d,,OT,Comuna Samburesti,13729380,5475221
25517321,d,,OT,Comuna Dobroteasa,13729380,5102338
25523170,d,,OT,Comuna Calui,16560225,13729380
25534098,d,,OT,Comuna Dobretu,4491296,13729380
25534110,d,,OT,Comuna Sprancenata,4491318,13729380
25534128,d,,OT,Comuna Daneasa,5292496,13729380
25537973,d,,OT,Comuna Stefan Cel Mare,5148327,13729380
25537981,d,,OT,Comuna Ianca,13729380,5209882
25547993,d,,OT,Comuna Urzica,13729380,5102370
25551994,d,,OT,Comuna Voineasa,4395078,13729380
25554389,d,,OT,Comuna Radomiresti,4395000,13729380
25554397,d,,OT,Comuna Seaca,5209904,13729380
25577498,d,,OT,Comuna Cungrea,5209890,13729380
25577501,d,,OT,Comuna Oporelu,4394820,13729380
25577544,d,,OT,Comuna Tatulesti,5139876,13729380
25594618,d,,OT,Comuna Babiciu,13729380,4394579
25594626,d,,OT,Comuna Scarisoara,4491164,13729380
2573799,f,,VL,Municipiul Dragasani,13729380,2573829
2573829,5,1,VL,Municipiul Dragasani
2573837,2,1,VL,Comuna Ionesti
2573845,2,1,VL,Comuna Gusoeni
2573853,2,1,VL,Comuna Glavile
2573861,2,1,VL,Comuna Dragoesti
2573870,2,1,VL,Comuna Creteni
2573896,2,1,VL,Comuna Madulari
2573900,2,1,VL,Comuna Lungesti
2573918,2,1,VL,Comuna Stefanesti
2573934,2,1,VL,Comuna Prundeni
2573942,2,1,VL,Comuna Pesceana
2573950,2,1,VL,Comuna Orlesti
2573969,2,1,VL,Comuna Olanu
2573977,2,1,VL,Comuna Susani
2573993,2,1,VL,Comuna Voicesti
2574000,f,,VL,Municipiul Dragasani,2573829,13729380
2574050,f,,VL,Orasul Horezu,2541479,13729380
2574085,2,1,VL,Comuna Budesti
2574093,2,1,VL,Comuna Pietrari
2574190,2,1,VL,Comuna Danicei
25830786,d,,BT,Comuna Adaseni,18382485,13729380
25956467,d,,SJ,Comuna Poiana Blenchii,13729380,4495190
25990485,d,,BT,Comuna Braesti,13729380,3503694
26008229,d,,BT,Comuna Dersca,13729380,3503660
26016841,d,,BT,Comuna Vaculesti,3503686,13729380
26016850,d,,BT,Comuna Cristinesti,8613973,13729380
26037607,d,,CT,Municipiul Medgidia,4301456,13729380
26043331,d,,BT,Comuna Mihalaseni,3373462,13729380
26058014,d,,BT,Comuna Nicseni,3372122,13729380
26097838,d,,BT,Comuna Concesti,3643892,13729380
26097846,d,,BT,Comuna Hudesti,3672022,13729380
2612790,5,1,NT,Municipiul Piatra Neamt
2612839,3,1,NT,Municipiul Piatra Neamt
2612898,2,1,NT,Comuna Borlesti
2612901,7,1,NT,Orasul Roznov
2612910,2,1,NT,Comuna Garcina
2612928,2,1,NT,Comuna Margineni
2612936,2,1,NT,Comuna Costisa
2612952,2,1,NT,Comuna Zanesti
2612960,2,1,NT,Comuna Pangarati
2612979,2,1,NT,Comuna Stefan Cel Mare
2612987,2,1,NT,Comuna Podoleni
2612995,2,1,NT,Comuna Romani
2613001,2,1,NT,Comuna Dragomiresti
2613010,2,1,NT,Comuna Tazlau
2613028,2,1,NT,Comuna Dobreni
2613036,2,1,NT,Comuna Alexandru Cel Bun
2613044,2,1,NT,Comuna Piatra Soimului
2613109,2,1,NT,Comuna Dumbrava Rosie
2613117,2,1,NT,Comuna Rediu
2613125,2,1,NT,Comuna Tupilati
2613133,2,1,NT,Comuna Bodesti
2613141,2,1,NT,Comuna Girov
2613150,2,1,NT,Comuna Candesti
2613168,2,1,NT,Comuna Razboieni
2613176,2,1,NT,Comuna Savinesti
2613273,f,,NT,Municipiul Piatra Neamt,2612790,13729380
2613290,f,,NT,Municipiul Piatra Neamt,13729380,2612790
2613303,f,,NT,Municipiul Piatra Neamt,2612790,13729380
2613311,f,,NT,Municipiul Piatra Neamt,13729380,2612790
2613338,f,,NT,Municipiul Piatra Neamt,13729380,2612790
2613362,p,,NT,Municipiul Piatra Neamt,2612839
2613370,q,,NT,Municipiul Piatra Neamt,4266456
2613583,5,1,NT,Municipiul Roman
2613591,f,,NT,Municipiul Roman,2613583,13729380
2613648,2,1,NT,Comuna Bahna
2613656,2,1,NT,Comuna Botesti
2613664,2,1,NT,Comuna Bozieni
2613672,2,1,NT,Comuna Bira
2613680,2,1,NT,Comuna Cordun
2613699,2,1,NT,Comuna Doljesti
2613702,2,1,NT,Comuna Dulcesti
2613710,2,1,NT,Comuna Faurei
2613729,2,1,NT,Comuna Gheraesti
2613737,2,1,NT,Comuna Horia
2613745,2,1,NT,Comuna Icusesti
2613753,2,1,NT,Comuna Ion Creanga
2613761,2,1,NT,Comuna Moldoveni
2613770,2,1,NT,Comuna Oniceni
2613788,2,1,NT,Comuna Poienari
2613796,2,1,NT,Comuna Sagna
2613800,2,1,NT,Comuna Sabaoani
2613818,2,1,NT,Comuna Stanita
2613826,2,1,NT,Comuna Secuieni
2613834,2,1,NT,Comuna Tamaseni
2613842,2,1,NT,Comuna Trifesti
2613850,2,1,NT,Comuna Valea Ursului
2613869,f,,NT,Municipiul Roman,13729380,2613583
26139046,d,,BT,Comuna Radauti-Prut,3503651,13729380
2613907,f,,NT,Municipiul Roman,2613583,13729380
2613923,f,,NT,Municipiul Roman,13729380,2613583
2613931,f,,NT,Municipiul Roman,2613583,13729380
2614074,2,1,NT,Comuna Poiana Teiului
2614104,7,1,NT,Orasul Targu Neamt
2614112,2,1,NT,Comuna Agapia
2614120,2,1,NT,Comuna Baltatesti
2614139,2,1,NT,Comuna Borca
2614147,2,1,NT,Comuna Brusturi
2614155,2,1,NT,Comuna Ceahlau
2614163,2,1,NT,Comuna Cracaoani
2614171,2,1,NT,Comuna Farcasa
2614180,2,1,NT,Comuna Grinties
2614198,2,1,NT,Comuna Grumazesti
2614201,2,1,NT,Comuna Pastraveni
2614210,2,1,NT,Comuna Petricani
2614228,2,1,NT,Comuna Pipirig
2614236,2,1,NT,Comuna Raucesti
2614244,2,1,NT,Comuna Tibucani
2614252,2,1,NT,Comuna Timisesti
2614260,2,1,NT,Comuna Urecheni
2614279,2,1,NT,Comuna Vanatori Neamt
2614295,f,,NT,Orasul Targu Neamt,13729380,2614104
2614325,f,,NT,Orasul Targu Neamt,2614104,13729380
2614333,f,,NT,Comuna Borca,2614139,13729380
2614341,p,,NT,Orasul Targu Neamt,2614104
2614392,7,1,NT,Orasul Bicaz
2614406,2,1,NT,Comuna Bicaz Chei
2614422,2,1,NT,Comuna Damuc
2614430,2,1,NT,Comuna Tarcau
2614449,2,1,NT,Comuna Hangu
2614457,2,1,NT,Comuna Tasca
2614465,f,,NT,Orasul Bicaz,13729380,2614392
2614473,p,,NT,Orasul Bicaz,2614392
26297984,d,,BZ,Comuna Gura Teghii,2810909,13729380
26328134,e,,B,Sectorul 2 al Municipiului Bucuresti,4266456
26347241,e,,B,Sectorul 5 al Municipiului Bucuresti,4266456
26361041,n,,B,Sectorul 2 al Municipiului Bucuresti,4266456
26362870,1,,B,Sectorul 6 al Municipiului Bucuresti,4267095
26369185,4,,B,Sectorul 5 al Municipiului Bucuresti
26394456,d,,SJ,Comuna Maeriste,13729380,4292030
26402729,d,,BT,Comuna Corlateni,4524920,13729380
2649544,f,,VL,Municipiul Ramnicu Valcea,2540813,13729380
26572146,d,,TL,Municipiul Tulcea,4321429,13729380
26584922,f,,TL,Orasul Macin,3839156,13729380
26591865,d,,MM,Orasul Borsa,13729380,3627544
26591873,d,,MM,Orasul Borsa,13729380,3627544
26642900,d,,MM,Municipiul Baia Mare,3627692,13729380
26655926,d,,MM,Municipiul Baia Mare,3627692,13729380
26662850,d,,MM,Municipiul Baia Mare,3627692,13729380
26684301,d,,MM,Municipiul Baia Mare,3627692,13729380
26684310,d,,MM,Municipiul Baia Mare,3627692,13729380
26691155,d,,MM,Municipiul Baia Mare,3627692,13729380
26714550,d,,MM,Municipiul Baia Mare,3627692,13729380
26714810,1,,B,Sectorul 3 al Municipiului Bucuresti,4265841
26787463,d,,VN,Comuna Urechesti,13729380,4298113
2679685,f,,GJ,Municipiul Targu Jiu,4956065,13729380
26803216,d,,VN,Comuna Cotesti,4298032,13729380
2689891,f,,NT,Municipiul Roman,2613583,13729380
26927184,d,,BN,Comuna Simnihaiul de Cimpie,4427072,13729380
26942982,d,,BT,Comuna Dimacheni,15676370,13729380
26949433,d,,MM,Municipiul Sighetu Marmatiei,3695174,13729380
26974739,d,,MM,Municipiul Sighetu Marmatiei,3695174,13729380
26983168,c,,MM,Municipiul Sighetu Marmatiei,3695174,13729380
26985231,d,,BN,Comuna Petru Rares,13729380,4512330
27005719,2,1,SM,Comuna Racsa
27011311,d,,BZ,Comuna Cilibia,13729380,3724423
27035990,d,,BN,Comuna Rebrisoara,4347380,13729380
27109329,d,,BT,Comuna Santa Mare,13729380,3373446
27329162,f,,HD,Municipiul Petrosani,4468943,13729380
27329863,f,,HD,Municipiul Petrosani,4468943,13729380
27336550,f,,HD,Municipiul Petrosani,4468943,13729380
27400637,d,,CS,Orasul Otelu Rosu,3227971,13729380
2747321,h,,CT,Municipiul Constanta,13729380
27661977,f,,OT,Municipiul Caracal,13729380,4395175
27791438,d,,BZ,Comuna Vadu Pasii,4385538,13729380
27846215,f,,TM,Municipiul Timisoara,14756536,13729380
27871952,d,,GJ,Comuna Bengesti Ciocadia,4666444,13729380
27871979,d,,GJ,Comuna Alimpesti,13729380,4666436
27874835,d,,TM,Comuna Ghizela,4357880,13729380
27877980,d,,TM,Comuna Beba Veche,13729380,5390648
27877998,d,,TM,Comuna Ohaba Lunga,4357872,13729380
27882218,d,,TM,Comuna Margina,2806193,13729380
27919244,d,,CS,Comuna Bautar,13729380,3228004
27987834,d,,SV,Orasul Salcea,4244180,13729380
27998647,d,,BZ,Orasul Nehoiu,4055807,13729380
28018113,d,,CT,Municipiul Constanta,13729380,4785631
28019429,d,,CT,Comuna Topalu,7249808,13729380
28020750,d,,CT,Comuna Poarta Alba,13729380,4515239
28038196,f,,CT,Comuna Nicolae Balcescu,13729380,4515840
28038870,d,,CT,Comuna Valu lui Traian,13729380,4671718
28052174,f,,CT,Orasul Murfatlar,13729380,4859712
28052565,d,,CT,Comuna Saraiu,5874273,13729380
28052581,d,,CT,Orasul Navodari,4618382,13729380
28053064,d,,CT,Comuna Corbu,13729380,4707714
28053072,f,,CT,Comuna Mihai Viteazu,13729380,4860016
28053102,d,,CT,Comuna Garliciu,7249794,13729380
28053129,d,,CT,Comuna Chirnogeni,6483311,13729380
28053161,d,,CT,Comuna Pantelimon,5806791,13729380
28053218,f,,CT,Comuna Mihail Kogalniceanu,13729380,4515328
28054264,d,,CT,Comuna Baraganu,13729380,15226406
28054302,d,,CT,Comuna Rasova,4514675,13729380
2806193,2,1,TM,Comuna Margina
2806282,f,,TM,Municipiul Timisoara,13729380,14756536
28068618,d,,VN,Comuna Bolotesti,4297754,13729380
28068693,d,,VN,Comuna Jaristea,4298016,13729380
28068740,d,,VN,Comuna Vizantea Livezi,4499621,13729380
28068979,d,,BZ,Comuna Mihailesti,4088200,13729380
28074903,d,,BZ,Comuna Tintesti,13729380,4088227
28082590,d,,BZ,Comuna Magura,4055831,13729380
28082620,d,,BZ,Comuna Maracineni,4154312,13729380
28082744,d,,VN,Comuna Ruginesti,4297746,13729380
28082795,d,,VN,Comuna Slobozia Bradului,4410658,13729380
2808976,2,1,BZ,Comuna Cislau
2808992,2,1,BZ,Comuna Robeasca
2809556,2,1,BZ,Comuna Pirscov
28097958,d,,VN,Comuna Popesti,15541179,13729380
28106720,d,,VN,Comuna Nanesti,4350548,13729380
28107156,d,,VN,Comuna Barsesti,13729380,4350777
2810909,2,1,BZ,Comuna Gura Teghii
28119525,d,,VN,Municipiul Adjud,4350491,13729380
28119584,d,,VN,Municipiul Adjud,4350491,13729380
28129642,d,,BZ,Comuna Bisoca,3724407,13729380
28129758,d,,BZ,Comuna Scutelnici,4234004,13729380
2813247,2,1,BZ,Comuna Chiojdu
28135415,d,,VN,Comuna Tifesti,4350661,13729380
28144286,d,,VN,Comuna Boghesti,13729380,4297878
28152254,d,,BN,Comuna Chiuza,13729380,4426999
28156418,d,,BN,Comuna Ciceu Mihaiesti,13729380,17581650
28156663,d,,BZ,Comuna Vernesti,13729380,4088197
28165998,d,,BZ,Comuna Topliceni,13729380,3662436
28180521,d,,BN,Comuna Dumitra,4426980,13729380
28189415,d,,BN,Comuna Dumitrita,15050988,13729380
28193157,d,,BN,Comuna Sieu Magherus,13729380,4426972
28195212,d,,BN,Comuna Matei,4427056,13729380
28197159,d,,BN,Comuna Matei,4427056,13729380
28216196,d,,BN,Comuna Josenii Bargaului,4347429,13729380
28220758,d,,BZ,Comuna Glodeanu-Silistea,13729380,4088219
28233391,d,,MS,Comuna Saulia,5961787,13729380
28233405,d,,MS,Comuna Brincovenesti,4591465,13729380
28252776,d,,GR,Comuna Floresti Stoenesti,13729380,5123799
28260981,d,,VN,Comuna Campuri,4718128,13729380
28269921,a,,SV,Municipiul Vatra Dornei,13729380
28277673,d,,BZ,Comuna Galbinasi,3724440,13729380
28278253,d,,BZ,Comuna Ramnicelu,13729380,2407907
28278873,d,,BN,Comuna Tiha Birgaului,4427102,13729380
28278881,d,,BN,Comuna Tiha Birgaului,4427102,13729380
28285013,d,,BZ,Comuna Calvini,4055700,13729380
28300458,d,,AR,Municipiul Arad,3519925,13729380
28300679,d,,VS,Comuna Danesti,4627313,13729380
28301046,d,,VS,Comuna Rosiesti,13729380,5117550
28301097,f,,VS,Comuna Falciu,4540003,13729380
28301461,d,,AR,Municipiul Arad,3519925,13729380
28307090,d,,BZ,Comuna Sarulesti,13729380,3662606
28314682,d,,AR,Municipiul Arad,3519925,13729380
28314798,d,,BZ,Comuna Sageata,4154266,13729380
28320846,a,,BN,Orasul Beclean,13729380
28322286,d,,VS,Comuna Vinderei,3394104,13729380
28331411,d,,BN,Comuna Galatii Bistritei,4426964,13729380
28333374,d,,VS,Comuna Duda Epureni,13729380,3394350
28342127,d,,VS,Comuna Delesti,3337664,13729380
28342178,d,,VS,Comuna Bogdana,4359407,13729380
28342674,d,,VS,Comuna Dimitrie Cantemir,13729380,3394295
28342704,d,,VS,Comuna Arsura,3552077,13729380
28343068,d,,VS,Comuna Grivita,3394074,13729380
28343211,d,,VS,Comuna Dumesti,4446619,13729380
28343220,d,,VS,Comuna Bacesti,3337621,13729380
28355437,d,,BZ,Comuna Blajani,3724504,13729380
28356734,d,,BN,Comuna Sieu,4426956,13729380
28361145,d,,VS,Comuna Ivanesti,4446627,13729380
28368291,d,,VS,Comuna Alexandru Vlahuta,3394139,13729380
28376936,d,,VS,Municipiul Vaslui,13729380,3337532
28376979,d,,VS,Comuna Botesti,3337729,13729380
28381746,d,,VS,Comuna Rafaila,16380780,13729380
28402598,d,,BN,Comuna Mariselu,13729380,4426948
28418730,d,,VS,Comuna Bacani,3394120,13729380
28418764,d,,VS,Comuna Vulturesti,3337648,13729380
28419336,d,,BN,Comuna Monor,4347356,13729380
28419603,f,,CS,Municipiul Resita,13729380,3228764
28421042,d,,VS,Comuna Zapodeni,3337699,13729380
28424120,d,,BZ,Comuna Vilcelele,2407850,13729380
2842870,7,1,PH,Orasul Valenii de Munte
2842889,3,1,PH,Municipiul Ploiesti
2842900,2,1,PH,Comuna Gornet - Cricov
2842919,f,,PH,Municipiul Ploiesti,13729380,2844855
2842927,2,1,PH,Comuna Aricestii Rahtivani
2842943,7,1,PH,Orasul Boldesti-Scaeni
2842986,2,1,PH,Comuna Lapos
2843000,f,,PH,Municipiul Campina,2843272,13729380
2843019,f,,PH,Municipiul Campina,13729380,2843272
2843035,2,1,PH,Comuna Tomsani
2843060,2,1,PH,Comuna Tinosu
2843108,2,1,PH,Comuna Predeal Sarari
2843116,2,1,PH,Comuna Valea Doftanei
2843124,2,1,PH,Comuna Singeru
2843140,2,1,PH,Comuna Posesti
28431577,d,,BN,Comuna Sieu Odorhei,13729380,4427021
2843159,2,1,PH,Comuna Provita de Jos
2843205,2,1,PH,Comuna Cerasu
2843213,2,1,PH,Comuna Filipestii De Padure
2843221,2,1,PH,Comuna Maneciu
2843230,2,1,PH,Comuna Salcia
2843248,2,1,PH,Comuna Adunati
2843256,2,1,PH,Comuna Izvoarele
2843264,2,1,PH,Comuna Chiojdeanca
2843272,5,1,PH,Municipiul Campina
2843302,2,1,PH,Comuna Scorteni
2843329,2,1,PH,Comuna Dumbrava
2843345,2,1,PH,Comuna Baba Ana
2843353,b,,PH,Orasul Breaza,11424532
2843388,2,1,PH,Comuna Alunis
2843418,2,1,PH,Comuna Fantanele
2843426,f,,PH,Municipiul Campina,2843272,13729380
2843434,2,1,PH,Comuna Sotrile
2843531,2,1,PH,Comuna Bucov
2843540,2,1,PH,Comuna Colceag
2843566,1,,PH,Municipiul Ploiesti,2844855
2843590,2,1,PH,Comuna Stefesti
2843604,7,1,PH,Orasul Slanic
2843620,2,1,PH,Comuna Floresti
2843639,f,,PH,Orasul Comarnic,2845761,13729380
2843647,2,1,PH,Comuna Poienarii Burchii
2843655,2,1,PH,Comuna Starchiojd
2843663,f,,PH,Orasul Breaza,2845486,13729380
2843698,2,1,PH,Comuna Gura Vadului
2843710,f,,PH,Orasul Plopeni,13729380,2843779
2843736,2,1,PH,Comuna Bertea
2843760,2,1,PH,Comuna Boldesti Gradistea
28437707,d,,VS,Comuna Pogana,13729380,3552069
2843779,7,1,PH,Orasul Plopeni
2843787,f,,PH,Comuna Valea Doftanei,2843116,13729380
2843817,2,1,PH,Comuna Manesti
2843833,f,,PH,Municipiul Ploiesti,13729380,2844855
2843841,f,,PH,Municipiul Campina,13729380,2843272
28438435,d,,VS,Comuna Berezeni,13729380,3552085
2843850,7,1,PH,Orasul Azuga
2843868,f,,PH,Municipiul Ploiesti,13729380,2844855
2843906,2,1,PH,Comuna Cosminele
2843914,2,1,PH,Comuna Salciile
2843930,f,,PH,Municipiul Campina,13729380,2843272
2843949,f,,PH,Municipiul Ploiesti,2844855,13729380
2843965,2,1,PH,Comuna Gura-Vitioarei
2843973,2,1,PH,Comuna Drajna
2843981,2,1,PH,Comuna Paulesti
2844014,2,1,PH,Comuna Gherghita
2844073,2,1,PH,Comuna Pacureti
2844081,2,1,PH,Comuna Magureni
2844090,2,1,PH,Comuna Podenii Noi
2844103,7,1,PH,Orasul Sinaia
2844189,7,1,PH,Orasul Urlati
2844197,2,1,PH,Comuna Varbilau
2844200,p,,PH,Orasul Valenii de Munte,2842870
2844294,2,1,PH,Comuna Baltesti
2844324,f,,PH,Municipiul Ploiesti,13729380,2844855
2844375,r,,PH,Municipiul Ploiesti,13633330
2844405,f,,PH,Orasul Busteni,2845729,13729380
2844510,2,1,PH,Comuna Puchenii Mari
2844545,p,,PH,Municipiul Ploiesti,2842889
2844618,f,,PH,Orasul Urlati,2844189,13729380
2844626,2,1,PH,Comuna Plopu
2844642,f,,PH,Comuna Ciorani,2845648,13729380
28446683,d,,VS,Comuna Stanilesti,3552093,13729380
2844677,f,,PH,Municipiul Ploiesti,2844855,13729380
2844731,2,1,PH,Comuna Banesti
2844790,h,,PH,Municipiul Ploiesti,13729380
2844855,5,1,PH,Municipiul Ploiesti
28448676,d,,VS,Comuna Laza,3337672,13729380
2845060,2,1,PH,Comuna Lipanesti
2845176,2,1,PH,Comuna Carbunesti
2845184,2,1,PH,Comuna Soimari
2845222,2,1,PH,Comuna Ceptura
2845230,2,1,PH,Comuna Tirgsorul Vechi
2845257,2,1,PH,Comuna Draganesti
2845273,f,,PH,Orasul Baicoi,2845710,13729380
28452758,d,,VS,Comuna Tatarani,13729380,4627321
2845290,2,1,PH,Comuna Brazi
2845311,2,1,PH,Comuna Barcanesti
2845320,2,1,PH,Comuna Gornet
2845338,2,1,PH,Comuna Berceni
2845346,2,1,PH,Comuna Blejoi
2845354,2,1,PH,Comuna Gorgota
2845362,2,1,PH,Comuna Provita de Sus
2845370,f,,PH,Orasul Sinaia,13729380,2844103
2845389,f,,PH,Municipiul Ploiesti,2844855,13729380
2845400,2,1,PH,Comuna Valea Calugareasca
2845419,f,,PH,Municipiul Ploiesti,2844855,13729380
2845435,2,1,PH,Comuna Fulga
2845443,2,1,PH,Comuna Sirna
2845451,2,1,PH,Comuna Apostolache
2845460,2,1,PH,Comuna Jugureni
2845478,f,,PH,Municipiul Ploiesti,2844855,13729380
2845486,7,1,PH,Orasul Breaza
2845494,2,1,PH,Comuna Tataru
2845516,2,1,PH,Comuna Filipestii De Tirg
2845532,2,1,PH,Comuna Teisani
2845540,f,,PH,Orasul Slanic,13729380,2843604
2845613,2,1,PH,Comuna Magurele
2845621,2,1,PH,Comuna Dumbravesti
2845630,d,,PH,Orasul Busteni,2845729,13729380
2845648,2,1,PH,Comuna Ciorani
2845656,2,1,PH,Comuna Calugareni
2845664,2,1,PH,Comuna Albesti-Paleologu
2845672,2,1,PH,Comuna Balta Doamnei
2845680,2,1,PH,Comuna Cornu
2845710,7,1,PH,Orasul Baicoi
2845729,7,1,PH,Orasul Busteni
2845737,2,1,PH,Comuna Poiana Campina
2845745,f,,PH,Orasul Azuga,2843850,13729380
2845753,2,1,PH,Comuna Cocorastii Mislii
2845761,7,1,PH,Orasul Comarnic
2845788,2,1,PH,Comuna Surani
2845796,2,1,PH,Comuna Aricestii Zeletin
2845800,2,1,PH,Comuna Iordacheanu
2845818,p,,PH,Municipiul Campina,2843272
28469920,d,,VS,Comuna Dranceni,3394333,13729380
28474527,d,,BN,Comuna Ilva Mica,4427030,13729380
28474586,d,,VS,Comuna Fruntiseni,16368336,13729380
28483622,d,,BZ,Comuna Braiesti,13729380,3724466
28494354,d,,BN,Comuna Budesti,4512399,13729380
28498160,d,,VS,Comuna Gherghesti,4975970,13729380
28498178,d,,VS,Comuna Iana,3394325,13729380
28502112,d,,VS,Comuna Padureni,3394341,13729380
28502147,o,,B,Sectorul 1 al Municipiului Bucuresti,4266456
28506262,d,,BN,Comuna Runcu Salvei,17581668,13729380
28507756,d,,VS,Comuna Solesti,3337583,13729380
28513936,d,,VS,Comuna Ciocani,16368344,13729380
28514397,d,,VS,Comuna Todiresti,3337630,13729380
28515139,d,,VS,Comuna Lunca Banului,13729380,3394368
28524650,d,,BZ,Comuna Boldu,2407842,13729380
28526995,d,,VS,Comuna Suletea,3394287,13729380
28538353,d,,VS,Comuna Dragomiresti,13729380,4226494
28546011,d,,VS,Comuna Ivesti,3394082,13729380
28566400,d,,VS,Comuna Cretesti,3667921,13729380
28566922,d,,VS,Comuna Coroiesti,3394090,13729380
28598894,t,,B,Sectorul 2 al Municipiului Bucuresti,4283422,4220947
28605975,p,,MS,Orasul Sovata,4436895
28610246,d,,VS,Comuna Pogonesti,16309070,13729380
28612360,d,,MM,Comuna Gardani,16367608,13729380
28612735,d,,VS,Orasul Murgeni,3337710,13729380
28612751,d,,VS,Comuna Blagesti,3394260,13729380
28617058,i,,TL,Municipiul Tulcea,13729380,4321429
28617120,d,,TL,Comuna Murighiol,13729380,4793979
28624845,d,,TL,Comuna Somova,4508649,13729380
28627841,d,,VS,Comuna Oltenesti,3337737,13729380
28627850,f,,VS,Comuna Dragomiresti,13729380,4226494
28630510,d,,MM,Comuna Campulung la Tisa,3695093,13729380
28631400,d,,VS,Comuna Tutova,4446678,13729380
28633320,d,,VS,Comuna Feresti,16476761,13729380
28637098,d,,TL,Comuna Casimcea,13729380,4508800
28637110,f,,TL,Municipiul Tulcea,13729380,4321429
28637136,i,,TL,Comuna Mahmudia,4794060,13729380
28637152,d,,TL,Comuna Bestepe,16363398,13729380
28638832,d,,VS,Comuna Miclesti,3337605,13729380
28643448,d,,TL,Orasul Babadag,4508533,13729380
28643499,d,,TL,Comuna Nufaru,4508720,13729380
28643510,d,,TL,Comuna Frecatei,4508657,13729380
28643561,d,,TL,Comuna Carcaliu,4994727,13729380
28644486,f,,TL,Comuna Luncavita,13729380,4508576
28644516,d,,TL,Comuna I.C.Bratianu,4794036,13729380
28644540,d,,TL,Comuna Jijila,4508690,13729380
28658678,d,,TL,Comuna Smardan,4793898,13729380
28659517,d,,TL,Comuna Grindu,4794010,13729380
28665691,d,,TL,Comuna Ciucurova,4508592,13729380
28667528,d,,VS,Comuna Osesti,3337656,13729380
28673805,d,,TL,Comuna Jurilovca,4793952,13729380
28673813,d,,TL,Comuna Valea Teilor,17590461,13729380
28675601,d,,TL,Comuna Mihai Bravu,4794044,13729380
28675610,i,,MM,Comuna Repedea,3694845,13729380
28675644,d,,MM,Comuna Sapanta,13729380,3695107
28675695,d,,TL,Comuna Stejaru,4508673,13729380
28675733,d,,TL,Comuna Peceneaga,13729380,4793944
28686848,d,,TL,Comuna Nalbant,4508681,13729380
28686872,d,,TL,Comuna Hamcearca,4793987,13729380
28687088,d,,VS,Comuna Garceni,4359652,13729380
28687207,d,,VS,Comuna Pungesti,4359393,13729380
28697294,d,,TL,Comuna Beidaud,4508622,13729380
28697359,d,,TL,Comuna Niculitel,4508762,13729380
28697367,d,,TL,Comuna Valea Nucarilor,13729380,4508789
28707606,d,,TL,Comuna Daeni,13729380,4794087
28743544,d,,MM,Comuna Satulung,3626905,13729380
28761125,d,,VS,Comuna Dodesti,16368328,13729380
28775716,d,,VS,Comuna Gagesti,13729380,3552050
28794602,d,,BN,Comuna Cetate,4347364,13729380
28806383,d,,BZ,Comuna Siriu,13729380,4055718
28829964,d,,MM,Comuna Remetea Chioarului,3694586,13729380
28843322,f,,BH,Municipiul Marghita,4348947,13729380
28844034,d,,BZ,Comuna Robeasca,2808992,13729380
28854402,d,,VS,Comuna Epureni,3394112,13729380
28856519,d,,BZ,Comuna Sahateni,4055726,13729380
28879474,d,,VS,Comuna Banca,4446708,13729380
28885620,f,,TM,Municipiul Timisoara,13729380,14756536
28891958,d,,MM,Orasul Dragomiresti,3627560,13729380
28905670,d,,VS,Comuna Muntenii de Jos,3337702,13729380
28938309,d,,BT,Comuna Calarasi,3373454,13729380
28939304,d,,VS,Comuna Rebricea,3394228,13729380
28944416,d,,CS,Comuna Buchin,13729380,3227653
28944564,i,,CS,Comuna Cornereva,13729380,3227742
28945527,d,,CS,Comuna Domasnea,13729380,3227785
28948493,f,,BH,Municipiul Salonta,4593423,13729380
28949243,d,,CS,Comuna Maureni,13729380,3227491
28949260,d,,CS,Comuna Zorlentu Mare,13729380,3227343
28949405,d,,CS,Comuna Sopotu Nou,13729380,3227238
28949430,f,,CS,Orasul Oravita,3227963,13729380
28949626,d,,VS,Comuna Hoceni,13729380,3394309
28949758,d,,CS,Comuna Sichevita,13729380,3227203
28949782,d,,CS,Comuna Bucosnita,13729380,3227645
28949910,d,,MH,Orasul Vanju Mare,7536970,13729380
28949952,d,,MH,Comuna Vladaia,6341589,13729380
28949987,i,,MH,Comuna Corlatel,8033364,13729380
28950566,d,,CS,Comuna Turnu Ruieni,13729380,3227289
28950582,d,,CS,Comuna Sacu,13729380,3227181
28953260,d,,PH,Comuna Balta Doamnei,2845672,13729380
28954169,d,,CS,Orasul Bocsa,13729380,3227939
28955229,d,,BZ,Comuna Naieni,4154363,13729380
28955539,d,,CS,Comuna Dognecea,13729380,3227777
28955555,d,,CS,Comuna Ramna,13729380,3227599
28955580,i,,CS,Comuna Berzovia,13729380,3228039
28955636,d,,CS,Comuna Ciclova Romana,13729380,3227688
28955687,d,,CS,Comuna Eftimie Murgu,13729380,3227793
28955709,d,,CS,Comuna Berliste,13729380,3228012
28958632,d,,IF,Orasul Voluntari,4283481,13729380
28958713,d,,IF,Comuna Cernica,13729380,4420740
28961026,f,,CS,Comuna Carasova,3227661,13729380
28961042,d,,CS,Comuna Goruia,3227416,13729380
28961310,d,,CS,Comuna Ocna de Fier,13729380,3227548
28961930,f,,CS,Comuna Prigor,13729380,3227580
28966325,d,,CS,Comuna Pojejena,13729380,3227572
28966333,d,,CS,Comuna Coronini,13729380,3227564
28966465,d,,CS,Comuna Socol,3227220,13729380
28966740,d,,CS,Comuna Vrani,3227327,13729380
28966783,d,,CS,Comuna Gradinari,13729380,3227424
28966856,d,,CS,Comuna Luncavita,13729380,3227467
28966899,d,,CS,Comuna Cornea,3227734,13729380
28967010,f,,CS,Comuna Teregova,13729380,3227246
28967053,d,,CS,Comuna Paltinis,13729380,3227556
28967380,d,,CS,Comuna Valiug,3227297,13729380
28967398,d,,CS,Comuna Vermes,13729380,3227319
28967428,d,,CS,Comuna Farliug,3227815,13729380
28967479,d,,CS,Comuna Berzasca Caras,3228020,13729380
28968520,d,,PH,Comuna Dumbrava,13729380,2843329
28971372,d,,MH,Comuna Izvoru Barzii,4484400,13729380
28972130,d,,CS,Comuna Obreja,13729380,3227530
28972211,d,,CS,Municipiul Resita,3228764,13729380
28972246,d,,CS,Orasul Bocsa,13729380,3227939
28973233,d,,BN,Comuna Lesu,4512275,13729380
28974646,f,,AR,Municipiul Arad,3519925,13729380
28977138,d,,BN,Comuna Sieut,13729380,4347372
28977480,d,,PH,Comuna Poienarii Burchii,2843647,13729380
28978320,d,,PH,Comuna Salcia,2843230,13729380
28978338,d,,PH,Municipiul Campina,2843272,13729380
28979007,d,,MH,Comuna Vanjulet,13729380,7643054
28979953,d,,MH,Comuna Simian,13729380,4550988
28981325,d,,CS,Comuna Doclin,13729380,3227769
28981392,d,,CS,Comuna Girnic,13729380,3227831
28981821,d,,CS,Comuna Forotic,3227823,13729380
28982703,d,,MH,Comuna Simian,4550988,13729380
28986292,d,,PH,Comuna Scorteni,13729380,2843302
28987514,d,,MH,Comuna Patulele,6140720,13729380
28987816,d,,MH,Comuna Gruia,4871210,13729380
28990498,d,,CS,Comuna Carbunari,3227670,13729380
28990919,f,,CS,Orasul Bocsa,13729380,3227939
28991140,d,,CS,Orasul Oravita,3227963,13729380
28991310,d,,CS,Comuna Ticvaniu Mare,3227254,13729380
28993532,d,,VL,Comuna Stoilesti,13729380,2541142
28994694,d,,PH,Comuna Iordacheanu,2845800,13729380
28996083,d,,CT,Comuna Limanu,4671688,13729380
28996113,d,,CS,Comuna Copacele,13729380,3227726
28996199,d,,MM,Comuna Bistra,3695000,13729380
28996202,d,,MM,Comuna Bistra,3695000,13729380
28996563,d,,HD,Comuna Soimus,13729380,4468358
28996610,d,,HD,Comuna Certeju de Sus,13729380,4374083
28996644,d,,HD,Comuna Vetel,4374105,13729380
28996652,d,,HD,Comuna Branisca,4374075,13729380
28996660,d,,HD,Comuna Harau,4374040,13729380
28996679,d,,MH,Comuna Gogosu,6304238,13729380
28996954,d,,HD,Comuna Bacia,4374270,13729380
28996962,d,,HD,Comuna Lapugiu de Jos,4374180,13729380
28997046,d,,HD,Comuna Zam,4468374,13729380
28997526,d,,MH,Comuna Balacita,13729380,6304246
29000130,i,,PH,Comuna Sangeru,2843124,13729380
29001080,d,,HD,Comuna Santamaria-Orlea,5453800,13729380
29001195,d,,HD,Comuna Rau De Mori,4633285,13729380
29001306,d,,HD,Municipiul Vulcan,4375267,13729380
29001314,d,,HD,Comuna Banita,8713590,13729380
29001390,d,,BZ,Comuna Ghergheasa,2407931,13729380
29001446,d,,BZ,Comuna Bozioru,4154339,13729380
29001489,d,,PH,Comuna Soimari,2845184,13729380
29001691,d,,PH,Comuna Valea Calugareasca,13729380,2845400
29002077,d,,VL,Comuna Cernisoara,13729380,2541444
29002140,f,,CT,Comuna Independenta,13729380,6228149
29002522,f,,AR,Orasul Curtici,3519402,13729380
29003056,d,,MH,Comuna Balvanesti,4484426,13729380
29003730,d,,CT,Comuna Albesti,5110918,13729380
29003811,d,,IF,Comuna Cernica,13729380,4420740
29006222,d,,HD,Comuna Baia de Cris,4374008,13729380
29006303,d,,CS,Comuna Constantin Daicoviciu,13729380,3227718
29006362,d,,CS,Comuna Glimboca,3227408,13729380
29006397,d,,PH,Comuna Colceag,2843540,13729380
29006400,i,,PH,Comuna Baltesti,2844294,13729380
29006419,f,,PH,Orasul Boldesti-Scaeni,2842943,13729380
29006451,d,,BZ,Comuna Grebanu,3662690,13729380
29007244,d,,VL,Comuna Copaceni,13729380,2541452
29007678,d,,CS,Comuna Naidas,3227521,13729380
29011814,d,,PH,Comuna Filipestii De Targ,13729380,2845516
29011849,d,,PH,Comuna Filipestii De Targ,13729380,2845516
29011865,d,,AR,Comuna Iratosu,3519534,13729380
29011938,d,,PH,Comuna Poiana Campina,2845737,13729380
29012291,d,,PH,Comuna Carbunesti,2845176,13729380
29012321,d,,PH,Comuna Surani,2845788,13729380
29012810,d,,BZ,Comuna Amaru,4234047,13729380
29015905,d,,AR,Comuna Paulis,3520245,13729380
29015913,d,,CT,Comuna Pecineaga,13729380,4617891
29017060,d,,PH,Comuna Bucov,2843531,13729380
29017086,d,,PH,Comuna Fulga,2845435,13729380
29017094,d,,MM,Orasul Targu Lapus,3694861,13729380
29017132,d,,PH,Comuna Pacureti,2844073,13729380
29018448,d,,AR,Comuna Sicula,13729380,3519046
29020979,d,,PH,Comuna Podenii Noi,2844090,13729380
29021001,d,,PH,Comuna Provita de Sus,2845362,13729380
29021028,d,,PH,Comuna Lapos,13729380,2842986
29021044,d,,PH,Comuna Gherghita,2844014,13729380
29021710,d,,AR,Comuna Apateu,3519372,13729380
29021842,d,,AR,Comuna Sagu,13729380,3519585
29021850,d,,CS,Comuna Dalboset,13729380,3227750
29022031,d,,CS,Comuna Varadia,3227300,13729380
29022058,d,,VL,Comuna Bunesti,13729380,2541819
29022880,f,,AR,Municipiul Arad,3519925,13729380
29023665,d,,MH,Comuna Oprisor,4639830,13729380
29024539,f,,AR,Comuna Cermei,3520199,13729380
29026696,d,,PH,Comuna Berceni,2845338,13729380
29026750,d,,AR,Comuna Frumuseni,16341462,13729380
29026785,d,,PH,Comuna Predeal Sarari,2843108,13729380
29027349,f,,AR,Comuna Vinga,3519607,13729380
29027799,d,,AR,Comuna Zerind,3519364,13729380
29027829,d,,MS,Comuna Pogaceaua,13729380,4436879
29027845,d,,MS,Comuna Craciunesti,13729380,4323187
29028158,d,,BZ,Comuna Cochirleanca,2407877,13729380
29028166,d,,VL,Comuna Otesani,2541533,13729380
29028344,d,,MS,Comuna Sintana de Mures,4323349,13729380
29028360,d,,MS,Comuna Vargata,4375879,13729380
29028395,d,,MS,Comuna Adamus,4436844,13729380
29028417,d,,MS,Municipiul Tarnaveni,4323535,13729380
29028930,d,,AR,Comuna Conop,3519143,13729380
29028948,d,,MH,Municipiul Drobeta Turnu Severin,4426581,13729380
29028999,d,,AR,Comuna Ususau,3519194,13729380
29029064,d,,MS,Comuna Suplac,4375844,13729380
29029110,d,,VL,Comuna Perisani,13729380,2541703
29029137,d,,MS,Comuna Sincai,4375836,13729380
29029153,d,,MS,Comuna Ogra,4323489,13729380
29029170,d,,MS,Comuna Panet,4375887,13729380
29029188,d,,CS,Comuna Zavoi,3227335,13729380
29029641,d,,AR,Comuna Petris,13729380,3519160
29029684,d,,VL,Comuna Lapusata,2541495,13729380
29029838,d,,AR,Comuna Simand,3519356,13729380
29029870,f,,AR,Comuna Savarsin,3519178,13729380
29029935,d,,MS,Comuna Bogata,5669376,13729380
29029943,d,,MS,Comuna Atintis,5669368,13729380
29029951,d,,MS,Comuna Cuci,5669341,13729380
29029978,d,,MS,Comuna Mihesu de Campie,7031608,13729380
29030026,d,,MS,Comuna Singer,5669333,13729380
29030034,d,,MS,Comuna Taureni,5669325,13729380
29030042,d,,MS,Comuna Papiu Ilarian,5669384,13729380
29030050,d,,HD,Municipiul Vulcan,4375267,13729380
29032027,f,,AR,Comuna Beliu,3520180,13729380
29032116,d,,MS,Municipiul Targu Mures,4322823,13729380
29032655,d,,MS,Comuna Albesti,5902730,13729380
29032671,d,,PH,Comuna Brazi,2845290,13729380
29032701,d,,PH,Comuna Gura-Vitioarei,2843965,13729380
29032736,d,,MS,Comuna Neaua,4375968,13729380
29032744,d,,AR,Comuna Pilu,13729380,3519313
29032876,d,,MS,Comuna Sancraiu de Mures,4322718,13729380
29032914,d,,MS,Comuna Grebenisu de Cimpie,4375933,13729380
29032930,d,,MS,Comuna Iclanzel,13729380,5584679
29032957,d,,MS,Comuna Fintanele,4322459,13729380
29032965,d,,MS,Comuna Ghindari,4436925,13729380
29032973,d,,MS,Comuna Apold,5961779,13729380
29032981,d,,MS,Comuna Madaras,16445706,13729380
29033014,d,,MS,Comuna Sarateni,16355476,13729380
29033812,d,,VL,Comuna Runcu,2541029,13729380
29033871,d,,HD,Comuna Pui,4374059,13729380
29033901,d,,BZ,Comuna Scortoasa,3662657,13729380
29033910,f,,HD,Comuna Baru,13729380,4521427
29033936,d,,HD,Comuna Beriu,4521281,13729380
29034001,d,,HD,Comuna Ribita,4521397,13729380
29034010,d,,HD,Comuna Luncoiu de Jos,4468323,13729380
29034044,d,,AR,Municipiul Arad,3519925,13729380
29034060,d,,MS,Comuna Faragau,4765596,13729380
29034133,d,,MS,Comuna Nades,5961760,13729380
29034346,d,,MS,Municipiul Sighisoara,5669309,13729380
29034370,d,,MS,Comuna Viisoara,5902705,13729380
29034397,d,,MS,Comuna Gheorghe Doja,4436860,13729380
29034419,d,,MS,Comuna Vinatori,5902721,13729380
29034443,d,,MS,Comuna Saschiz,5902713,13729380
29034451,d,,MS,Comuna Bala,4436836,13729380
29034478,d,,MS,Municipiul Sighisoara,5669309,13729380
29034486,d,,MS,Comuna Livezeni,4619140,13729380
29034508,d,,MS,Comuna Magherani,4577878,13729380
29034699,d,,AR,Comuna Felnac,3519518,13729380
29035422,d,,MS,Comuna Ibanesti,4641539,13729380
29035430,d,,MS,Comuna Lunca,4578008,13729380
29035716,d,,MS,Comuna Hodac,13729380,4641555
29035724,d,,MS,Municipiul Reghin,3675258,13729380
29038763,d,,MS,Comuna Vatava,4619175,13729380
29038771,d,,MS,Comuna Rastolita,4578032,13729380
29038780,d,,MS,Comuna Suseni,5284639,13729380
29038801,d,,MS,Comuna Solovastru,4728148,13729380
29038836,d,,PH,Comuna Floresti,2843620,13729380
29038844,d,,MS,Comuna Petelea,13729380,4578024
29038879,d,,MS,Comuna Chiheru de Jos,4619183,13729380
29038887,d,,PH,Comuna Filipestii De Padure,2843213,13729380
29038917,d,,MS,Comuna Voivodeni,13729380,4323551
29039467,d,,AR,Comuna Secusigiu,3519577,13729380
29039955,d,,MS,Comuna Alunis,4662981,13729380
29039998,d,,AR,Comuna Barzava,3519135,13729380
29040917,d,,MH,Municipiul Drobeta Turnu Severin,4426581,13729380
29041017,d,,MH,Comuna Obarsia-Closani,13729380,7536910
29041785,d,,AR,Comuna Paulis,3520245,13729380
29041904,d,,AR,Comuna Socodor,13729380,3519330
29044307,d,,AR,Comuna Zimandul Nou,13729380,3519623
29044641,d,,PH,Orasul Mizil,15562570,13729380
29044684,d,,PH,Orasul Mizil,15562570,13729380
29044919,d,,AR,Municipiul Arad,3519925,13729380
29044960,d,,VL,Comuna Milcoiu,13729380,2540660
29045000,d,,VL,Comuna Vladesti,13729380,2540635
29045043,d,,VL,Comuna Madulari,2573896,13729380
29045426,d,,VL,Comuna Dragoesti,13729380,2573861
29045442,d,,AR,Municipiul Arad,3519925,13729380
29045450,d,,VL,Orasul Babeni,2541177,13729380
29045914,d,,AR,Comuna Birchis,13729380,3519127
29045922,d,,BZ,Comuna Zarnesti,3724512,13729380
29047010,d,,AR,Comuna Covasint,3520253,13729380
29047036,d,,AR,Comuna Varfurile,3520334,13729380
29047044,d,,MH,Comuna Hinova,4426425,13729380
29047079,d,,AR,Comuna Misca,13729380,3519305
29047125,f,,AR,Comuna Halmagiu,13729380,3520300
29047389,d,,AR,Comuna Semlac,3518830,13729380
29047397,d,,AR,Comuna Carand,3519003,13729380
29047621,d,,AR,Comuna Brazii,3520288,13729380
29047656,d,,AR,Comuna Buteni,3518997,13729380
29047737,d,,AR,Comuna Peregu Mare,13729380,3519569
29049185,d,,HD,Comuna Romos,5453797,13729380
29049592,d,,PH,Comuna Baba Ana,2843345,13729380
29049711,d,,PH,Comuna Plopu,2844626,13729380
29049746,f,,AR,Comuna Ghioroc,3520237,13729380
29049754,d,,PH,Comuna Aricestii Zeletin,2845796,13729380
29049894,d,,AR,Comuna Siria,13729380,3518920
29049908,d,,AR,Orasul Santana,13729380,3520121
29049967,d,,AR,Comuna Zabrani,3519216,13729380
29049991,d,,AR,Comuna Graniceri,3519291,13729380
29050007,d,,AR,Comuna Sintea Mare,3519321,13729380
29050015,d,,AR,Comuna Sepreus,13729380,3519348
29050040,d,,AR,Comuna Tarnova,3518890,13729380
29050228,d,,AR,Comuna Seitin,3518849,13729380
29050236,d,,VL,Comuna Susani,2573977,13729380
29050520,d,,AR,Comuna Zarand,13729380,3520130
29050554,d,,VL,Comuna Maldaresti,2541541,13729380
29050570,d,,VL,Orasul Ocnele Mari,2540899,13729380
29050708,d,,AR,Comuna Varadia de Mures,3519208,13729380
29051282,d,,HD,Comuna Gurasada,4374172,13729380
29051339,d,,AR,Comuna Bata,3519089,13729380
29051762,d,,AR,Comuna Sintea Mare,3519321,13729380
29051819,d,,AR,Comuna Sintea Mare,3519321,13729380
29051860,d,,BZ,Comuna Buda,3662444,13729380
29052075,d,,AR,Comuna Tarnova,3518890,13729380
29055020,d,,BZ,Comuna Cislau,2808976,13729380
29055330,d,,VL,Comuna Stoenesti,13729380,2541860
29055357,d,,VL,Comuna Mihaesti,13729380,2541835
29055365,f,,PH,Orasul Valenii de Munte,2842870,13729380
29055390,d,,VL,Comuna Daesti,13729380,2540651
29055403,d,,VL,Comuna Berislavesti,2541649,13729380
29055446,d,,PH,Comuna Sirna,2845443,13729380
29055470,d,,PH,Comuna Draganesti,13729380,2845257
29055500,d,,PH,Comuna Izvoarele,2843256,13729380
29055535,d,,PH,Comuna Sotrile,2843434,13729380
29056271,d,,MH,Comuna Eselnita,4337301,13729380
29056948,d,,AR,Comuna Hasmas,3520210,13729380
29056972,d,,AR,Comuna Archis,3520172,13729380
29058272,d,,AR,Orasul Pecica,3519550,13729380
29058329,d,,AR,Comuna Craiva,3520202,13729380
29058396,d,,AR,Comuna Silindia,3519054,13729380
29059677,d,,HD,Comuna Dobra,4374113,13729380
29059685,d,,MH,Comuna Ciresu,4484469,13729380
29060248,d,,HD,Comuna Teliucu Inferior,4727010,13729380
29060256,d,,HD,Comuna Bucuresci,4521290,13729380
29060272,d,,HD,Comuna Buces,4374202,13729380
29060671,d,,VL,Comuna Ionesti,2573837,13729380
29060698,d,,BZ,Comuna Movila Banului,4234039,13729380
29060760,f,,VL,Comuna Maciuca,2541584,13729380
29062303,d,,HD,Comuna Vata de Jos,4521389,13729380
29062621,d,,PH,Comuna Lipanesti,2845060,13729380
29062907,d,,PH,Comuna Olari,16371471,13729380
29062931,d,,PH,Comuna Varbilau,13729380,2844197
29062974,d,,PH,Comuna Cocorastii Colt,16346516,13729380
29062982,d,,PH,Comuna Manesti,2843817,13729380
29065083,d,,GJ,Municipiul Targu Jiu,4956065,13729380
29065776,d,,AR,Comuna Fantinele,3519526,13729380
29066518,d,,BZ,Comuna Puiesti,13729380,2407885
29066534,d,,BZ,Comuna Luciu,3724458,13729380
29066720,d,,HD,Comuna Orastioara de Sus,4468366,13729380
29067408,e,,IS,Municipiul Iasi,4266456
29068314,d,,CT,Municipiul Mangalia,13729380,4515255
29070730,d,,TM,Comuna Checea,16544785,13729380
29070780,d,,VL,Comuna Lungesti,2573900,13729380
29070853,d,,HD,Comuna Salasu de Sus,13729380,5453819
29070969,d,,VL,Comuna Glavile,13729380,2573853
29073868,d,,GL,Municipiul Galati,3814810,13729380
29075524,d,,TM,Orasul Recas,2512589,13729380
29075532,d,,PH,Orasul Baicoi,2845710,13729380
29077983,d,,GL,Comuna Ivesti,3601986,13729380
29078008,d,,MH,Comuna Ilovita,4337310,13729380
29078539,d,,TM,Comuna Otelec,24296605,13729380
29079984,d,,BZ,Comuna Catina,4055785,13729380
29079992,d,,BZ,Comuna Padina,4299470,13729380
29080814,d,,MH,Comuna Bala,13729380,4426468
29081615,d,,GL,Municipiul Galati,3814810,13729380
29081984,d,,GL,Municipiul Galati,3814810,13729380
29082025,d,,PH,Comuna Boldesti Gradistea,2843760,13729380
29083519,d,,TM,Comuna Masloc,5481533,13729380
29083993,d,,MH,Comuna Breznita-Ocol,4337352,13729380
29084506,d,,BZ,Comuna Glodeanu Sarat,3724385,13729380
29086655,d,,GL,Comuna Ghidigeni,3655897,13729380
29086663,d,,GL,Municipiul Tecuci,4269312,13729380
29088273,d,,VL,Comuna Caineni,2541681,13729380
29089368,d,,BT,Municipiul Botosani,3372882,13729380
29089678,d,,BZ,Municipiul Buzau,4233874,13729380
29089694,d,,GL,Municipiul Tecuci,4269312,13729380
29089953,d,,VL,Comuna Rosiile,2539495,13729380
29091759,d,,CJ,Comuna Baciu,4378751,13729380
29092118,d,,BC,Comuna Gioseni,17560568,13729380
29092266,d,,BC,Comuna Tamasi,13729380,4455250
29094208,d,,GJ,Orasul Rovinari,5057520,13729380
29094267,d,,GL,Municipiul Tecuci,4269312,13729380
29094470,d,,GL,Comuna Munteni,4393123,13729380
29096829,d,,TM,Comuna Ortisoara,5049919,13729380
29096896,d,,BZ,Comuna Viperesti,4154347,13729380
29097000,d,,BC,Municipiul Moinesti,13729380,4591490
29097409,d,,CT,Comuna Comana,7778337,13729380
29097425,d,,TM,Comuna Fibis,16587476,13729380
29097832,d,,GL,Comuna Barcea,3264589,13729380
29099183,d,,TM,Comuna Birda,16414777,13729380
29099272,d,,AR,Comuna Olari,13729380,3520113
29099280,d,,BZ,Municipiul Buzau,4233874,13729380
29100431,d,,TM,Comuna Varias,4483870,13729380
29100440,d,,TM,Municipiul Timisoara,14756536,13729380
29103225,d,,GL,Municipiul Tecuci,4269312,13729380
29103977,d,,TM,Comuna Giarmata,6049470,13729380
29104638,d,,MH,Comuna Cazanesti,4426450,13729380
29105005,d,,VL,Comuna Creteni,13729380,2573870
29105676,d,,TM,Comuna Darova,4483820,13729380
29105692,d,,GL,Comuna Frumusita,3952219,13729380
29105960,d,,BC,Municipiul Moinesti,13729380,4591490
29106094,d,,TM,Comuna Costeiu,4357953,13729380
29106116,d,,BC,Dofteana,13729380,4278116
29107570,d,,TM,Municipiul Timisoara,13729380,14756536
29108311,d,,TM,Orasul Sannicolau Mare,4548554,13729380
29109147,d,,GL,Comuna Mastacani,4322254,13729380
29109481,d,,DB,Comuna Contesti,13729380,4280329
29109490,d,,DB,Comuna Tartasesti,13729380,4280426
29109546,f,,TM,Municipiul Timisoara,14756536,13729380
29110117,d,,TM,Comuna Curtea,4357856,13729380
29110753,d,,TM,Comuna Padureni,16414785,13729380
29110915,d,,TM,Municipiul Timisoara,13729380,14756536
29111481,d,,TM,Comuna Manastiur,2510235,13729380
29111694,d,,BC,Comuna Caiuti,13729380,4455293
29112177,f,,MH,Comuna Sisesti,13729380,4484450
29115394,d,,BT,Municipiul Botosani,13729380,3372882
29116080,d,,TM,Comuna Gottlob,13729380,16573608
29116349,d,,MH,Municipiul Drobeta Turnu Severin,4426581,13729380
29116390,d,,TM,Comuna Bethausen,4483927,13729380
29117441,d,,BC,Comuna Poduri,13729380,4278183
29118927,f,,TM,Comuna Giroc,5390613,13729380
29121582,d,,TM,Comuna Cenei,5286753,13729380
29121841,f,,TM,Comuna Biled,4847432,13729380
29121965,d,,TM,Municipiul Lugoj,4527381,13729380
29122014,d,,TM,Comuna Dumbrava,4712532,13729380
29122022,d,,MH,Orasul Strehaia,6044227,13729380
29122090,d,,TM,Comuna Traian Vuia,4357848,13729380
29122162,d,,BZ,Comuna Manzalesti,13729380,3662592
29122499,d,,MH,Comuna Corcova,4818631,13729380
29123010,d,,MH,Comuna Butoiesti,8033356,13729380
29123567,d,,TM,Comuna Pischia,5481541,13729380
29123656,d,,DB,Comuna Branistea,13729380,4344279
29124813,d,,TM,Comuna Tomnatic,16590331,13729380
29126164,f,,TM,Municipiul Timisoara,13729380,14756536
29126504,a,,VL,Orasul Horezu,13729380
29126679,a,,VL,Municipiul Dragasani,13729380
29128084,d,,TM,Comuna Parta,13729380,16360642
29128130,d,,BC,Orasul Targu Ocna,13729380,4278620
29128262,d,,PH,Comuna Paulesti,2843981,13729380
29129071,d,,TM,Comuna Becicherecu Mic,4691685,13729380
29131276,d,,TM,Comuna Victor Vlad Delamarina,4548520,13729380
29131535,d,,TM,Comuna Jamu Mare,4483676,13729380
29131837,d,,TM,Comuna Comlosu Mare,4483854,13729380
29132000,d,,TM,Municipiul Lugoj,4527381,13729380
29132026,d,,DB,Orasul Titu,13729380,4402590
29133226,d,,TM,Comuna Livezile,20568677,13729380
29133366,f,,BC,Comuna Rachitoasa,13729380,4535864
29134124,d,,MH,Comuna Vanatori,5870832,13729380
29134205,d,,MH,Comuna Punghina,6449913,13729380
29134744,d,,MH,Municipiul Drobeta Turnu Severin,4426581,13729380
29134752,d,,TM,Comuna Sanandrei,5390656,13729380
29135219,d,,BC,Orasul Darmanesti,13729380,4352921
29135227,d,,TM,Comuna Boldur,4357945,13729380
29135243,d,,BC,Orasul Darmanesti,13729380,4352921
29135251,d,,TM,Comuna Banloc,4357996,13729380
29135740,d,,BC,Comuna Asau,13729380,4277943
29137856,d,,BC,Comuna Glavanesti,13729380,4352972
29138053,d,,BC,Orasul Darmanesti,13729380,4352921
29138290,d,,GJ,Orasul Rovinari,5057520,13729380
29138371,d,,BC,Comuna Oncesti,13729380,4455501
29139407,d,,DB,Municipiul Targoviste,13729380,4279944
29139512,d,,VL,Comuna Francesti,13729380,2541100
29139911,d,,DB,Comuna Uliesti,4280450,13729380
29139946,d,,DB,Comuna Matasaru,4449437,13729380
29139954,d,,DB,Comuna Dragodana,4207034,13729380
29139962,d,,DB,Comuna Bucsani,4344490,13729380
29140002,d,,DB,Comuna Vacaresti,13729380,4402620
29143394,d,,DB,Comuna Nucet,4280345,13729380
29143408,d,,DB,Comuna Bilciuresti,4280043,13729380
29143416,d,,DB,Municipiul Targoviste,4279944,13729380
29143424,d,,TM,Comuna Iecea Mare,16517225,13729380
29143440,d,,DB,Comuna Moroeni,13729380,4280116
29143459,d,,BC,Orasul Buhusi,13729380,4535953
29143513,d,,DB,Comuna Pietrosita,13729380,4344449
29144063,d,,DB,Comuna Ulmi,4344651,13729380
29144080,f,,BZ,Orasul Patirlagele,13729380,4055866
29144098,d,,BC,Comuna Balcani,13729380,4278027
29144136,d,,DB,Comuna Sotanga,4344570,13729380
29144187,d,,TM,Comuna Dudestii Noi,13729380,16561131
29144195,d,,DB,Comuna Cornesti,4402744,13729380
29144233,d,,DB,Comuna Ocnita,4344520,13729380
29144330,d,,DB,Comuna Raciu,13729380,17352753
29144357,d,,TM,Comuna Sacalaz,5439113,13729380
29144632,d,,DB,Comuna Hulubesti,13729380,4280272
29144659,d,,DB,Orasul Gaesti,4279774,13729380
29144713,d,,DB,Comuna Doicesti,4344538,13729380
29144721,d,,DB,Comuna Cringurile,4402639,13729380
29144748,d,,DB,Municipiul Targoviste,13729380,4279944
29144772,d,,TM,Comuna Sanmihaiu Roman,5138404,13729380
29144802,d,,DB,Comuna Manesti,13729380,4344619
29145000,d,,DB,Comuna Ludesti,5359111,13729380
29145050,d,,BC,Municipiul Bacau,13729380,4278337
29145085,d,,DB,Comuna Selaru,13729380,4532515
29145204,d,,TM,Comuna Nitchidorf,13729380,4357821
29145352,d,,VL,Comuna Lalosu,2541711,13729380
29145743,d,,DB,Comuna Poiana,4280280,13729380
29145751,d,,TM,Comuna Denta,4483943,13729380
29145760,d,,DB,Comuna Cornatelu,4280299,13729380
29145778,d,,TM,Comuna Liebling,4483897,13729380
29145794,d,,DB,Comuna Lunguletu,13729380,4402752
29145840,d,,DB,Comuna Brezoaele,4449348,13729380
29145859,d,,DB,Comuna Potlogi,4280256,13729380
29145875,d,,DB,Comuna Corbii Mari,13729380,4402612
29145891,d,,DB,Comuna Valea Mare,4280264,13729380
29145905,d,,DB,Comuna Corbii Mari,4402612,13729380
29145956,d,,DB,Comuna Potlogi,4280256,13729380
29145964,d,,DB,Comuna Produlesti,4449380,13729380
29146021,f,,DB,Comuna Cojasca,13729380,4280086
29146030,d,,DB,Comuna Odobesti,13729380,4402698
29146072,d,,TM,Comuna Carpinis,5286800,13729380
29146080,d,,TM,Comuna Sinpetru Mare,4483862,13729380
29146099,d,,DB,Comuna Dragomiresti,4344627,13729380
29146129,d,,DB,Comuna Butimanu,4344252,13729380
29146145,d,,DB,Comuna Tatarani,4344430,13729380
29146170,d,,BT,Orasul Flamanzi,3372173,13729380
29146897,d,,DB,Comuna Mogosani,4449356,13729380
29147094,d,,DB,Comuna Vulcana Pandele,14932420,13729380
29147132,d,,TM,Comuna Cheveresu Mare,5815226,13729380
29147159,d,,TM,Comuna Sacosu Turcesc,5481576,13729380
29147167,d,,DB,Comuna Dobra,13729380,4280124
29147485,d,,TM,Comuna Tormac,4483790,13729380
29147876,d,,DB,Comuna Petresti,4449410,13729380
29147914,d,,DB,Comuna Niculesti,13729380,4280434
29149001,d,,DB,Comuna Comisani,4280140,13729380
29149826,d,,DB,Comuna Iedera,4344287,13729380
29149877,d,,DB,Comuna Virfuri,4576708,13729380
29149974,d,,DB,Comuna Finta,4344503,13729380
29150324,d,,DB,Comuna Darmanesti,4402540,13729380
29150340,d,,DB,Comuna Vladeni,15651082,13729380
29150359,d,,DB,Comuna I. L. Caragiale,4402604,13729380
29150448,d,,DB,Comuna Rascaeti,17352737,13729380
29150553,d,,BC,Comuna Pirjol,4455498,13729380
29150588,d,,DB,Comuna Ciocanesti,4402736,13729380
29151060,d,,MM,Orasul Ulmeni,3694772,13729380
29151176,d,,BC,Comuna Strugari,13729380,4278086
29151222,d,,BC,Comuna Nicolae Balcescu,13729380,4353234
29151770,d,,DB,Comuna Branesti,13729380,4344457
29152520,d,,AR,Comuna Macea,13729380,3519410
29153185,d,,BZ,Comuna Balaceanu,2407869,13729380
29153606,d,,TM,Comuna Ghiroda,13729380,5517220
29153860,d,,BC,Comuna Damienesti,13729380,4535848
29153878,d,,BC,Comuna Faraoani,13729380,4670178
29156300,d,,TM,Comuna Pesac,13729380,23062754
29156653,d,,TM,Comuna Giera,4483684,13729380
29156688,d,,TM,Comuna Lenauheim,4483692,13729380
29156904,d,,MM,Orasul Targu Lapus,3694861,13729380
29157160,d,,BC,Comuna Oituz,13729380,4455234
29157187,d,,BC,Comuna Oituz,13729380,4455234
29157306,d,,GJ,Comuna Albeni,4448202,13729380
29160549,d,,MH,Comuna Bacles,5819414,13729380
29161463,d,,BZ,Municipiul Buzau,13729380,4233874
29161480,d,,BZ,Comuna Chiliile,3662630,13729380
29161820,d,,TM,Comuna Pietroasa,4483838,13729380
29161935,d,,TM,Comuna Saravale,16594708,13729380
29161943,d,,TM,Comuna Satchinez,6419890,13729380
29162906,d,,TM,Comuna Racovita,4269290,13729380
29162949,d,,BC,Comuna Huruiesti,4353196,13729380
29163189,d,,GJ,Comuna Scoarta,4448431,13729380
29163308,d,,TM,Comuna Cenad,4358231,13729380
29163960,d,,BC,Comuna Colonesti,13729380,4670194
29164095,d,,VL,Comuna Orlesti,2573950,13729380
29164168,d,,BC,Comuna Racova,13729380,4455226
29164192,d,,BC,Comuna Beresti-Tazlau,13729380,4353005
29164745,d,,PH,Comuna Puchenii Mari,2844510,13729380
29165880,d,,BC,Comuna Plopana,13729380,4591520
29165910,d,,BC,Comuna Valea Seaca,13729380,4277951
29165988,d,,PH,Municipiul Ploiesti,2844855,13729380
29166630,d,,BC,Comuna Cleja,13729380,4455536
29166657,d,,BC,Comuna Margineni,13729380,4591627
29166665,d,,BC,Comuna Cotofanesti,13729380,4353110
29167512,f,,BZ,Comuna Lopatari,3662584,13729380
29168003,d,,BZ,Comuna Racoviteni,3724539,13729380
29168607,d,,PH,Municipiul Ploiesti,2844855,13729380
29168704,d,,BC,Comuna Izvoru Berheciului,13729380,4670224
29168798,d,,PH,Municipiul Ploiesti,2844855,13729380
29168887,d,,PH,Municipiul Ploiesti,13729380,2844855
29168941,d,,PH,Municipiul Ploiesti,2844855,13729380
29169459,d,,MH,Comuna Livezile,6341597,13729380
29169513,d,,BC,Comuna Garleni,13729380,4455617
29169530,d,,PH,Municipiul Ploiesti,2844855,13729380
29170020,d,,TM,Comuna Teremia Mare,4527403,13729380
29170356,d,,TM,Comuna Gavojdia,4483935,13729380
29175191,d,,MH,Comuna Jiana,13729380,4426417
29175302,d,,BC,Comuna Ghimes-Faget,13729380,4277870
29176049,d,,VL,Comuna Roesti,13729380,2541460
29178210,d,,CT,Comuna 23 August,13729380,4618153
29182717,d,,TM,Comuna Balint,4357970,13729380
29185284,d,,BN,Comuna Uriu,13729380,4512380
29185462,d,,CT,Comuna Ciocarlia,4514608,13729380
29185667,d,,VS,Comuna Bogdanesti,4446686,13729380
29185730,d,,GL,Comuna Pechea,3126721,13729380
29186123,d,,GJ,Comuna Balesti,13729380,4898797
29186140,d,,TM,Comuna Uivar,9640615,13729380
29190728,d,,BC,Comuna Motoseni,13729380,4591511
29190760,d,,BC,Comuna Bucium,13729380,17580999
29192281,d,,MH,Comuna Devesel,7643534,13729380
29197629,f,,GL,Comuna Pechea,13729380,3126721
29201452,f,,GJ,Comuna Farcasesti,4718950,13729380
29208299,f,,BZ,Comuna Rusetu,3724431,13729380
29212621,d,,BZ,Comuna Pirscov,2809556,13729380
29216305,d,,BC,Comuna Saucesti,4455595,13729380
29219867,d,,SM,Comuna Culciu,3897041,13729380
29220616,d,,SM,Comuna Vetis,13729380,3896577
29224375,d,,GJ,Comuna Stejari,13729380,4898886
29230571,d,,GJ,Comuna Logresti,4813456,13729380
29235030,d,,VL,Comuna Mitrofani,13729380,16356722
29235153,f,,BZ,Orasul Patirlagele,4055866,13729380
29236329,d,,BC,Comuna Parava,13729380,4535902
29241163,d,,GJ,Comuna Aninoasa,4898851,13729380
29244453,d,,CT,Comuna Istria,13729380,4859801
29244755,d,,BZ,Comuna Cozieni,4055823,13729380
29245971,d,,MS,Comuna Chetani,5669392,13729380
29249639,f,,GJ,Comuna Bustuchin,13729380,4898827
29250528,d,,MH,Comuna Dumbrava,7536937,13729380
29250714,d,,MH,Comuna Tamna,7643526,13729380
29257330,d,,BT,Municipiul Dorohoi,13729380,4112945
29259756,f,,CT,Municipiul Constanta,4785631,13729380
29261160,d,,MH,Comuna Burila Mare,4675469,13729380
29261268,d,,GJ,Comuna Polovragi,13729380,4718977
29262247,d,,CT,Comuna Horia,7453190,13729380
29265316,d,,IF,Comuna Glina,13729380,4420767
29266028,d,,BZ,Comuna Bradeanu,13729380,3724482
29271857,d,,BZ,Comuna Largu,3724393,13729380
29272178,d,,CT,Comuna Agigea,13729380,4701088
29273254,d,,CT,Municipiul Medgidia,4301456,13729380
29273270,f,,CT,Municipiul Medgidia,4301456,13729380
29276684,d,,GJ,Comuna Branesti,4813472,13729380
29281990,f,,GJ,Comuna Turburea,4898940,13729380
29283053,d,,GJ,Comuna Cilnic,4448407,13729380
29287616,d,,CT,Comuna Aliman,7453130,13729380
29296592,d,,MH,Comuna Grozesti,7579784,13729380
29297350,d,,BN,Comuna Livezile,13729380,4347445
29297563,d,,CT,Municipiul Medgidia,4301456,13729380
29297709,d,,VL,Comuna Vaideeni,2541401,13729380
29308921,d,,GJ,Comuna Glogova,4510371,13729380
29308930,f,,CT,Comuna Deleni,7015203,13729380
29313740,f,,CT,Comuna Dobromir,13729380,7635175
29325272,d,,GJ,Comuna Vladimir,13729380,4813464
29329010,i,,CT,Comuna Adamclisi,13729380,7097998
29334742,d,,CT,Orasul Cernavoda,4304568,13729380
29340779,f,,BV,Municipiul Brasov,4384206,13729380
29341294,d,,BV,Municipiul Brasov,4384206,13729380
29341308,d,,BV,Municipiul Brasov,4384206,13729380
29344134,d,,GJ,Comuna Negomir,4898843,13729380
29345105,d,,AG,Comuna Aninoasa,4318270,13729380
29348241,d,,AG,Comuna Valea Mare - Pravat,13729380,5010196
29348276,d,,AG,Comuna Merisani,4122060,13729380
29348373,f,,CT,Comuna Ostrov,13729380,4804482
29351522,f,,BV,Municipiul Brasov,4384206,13729380
29351565,f,,BV,Municipiul Brasov,4384206,13729380
29351603,f,,BV,Municipiul Brasov,13729380,4384206
29352064,d,,AG,Municipiul Campulung,4122361,13729380
29355192,d,,AG,Comuna Vladesti,4122132,13729380
29356775,d,,AG,Comuna Dragoslavele,4122442,13729380
29356902,f,,BV,Municipiul Brasov,4384206,13729380
29356910,f,,BV,Municipiul Brasov,4384206,13729380
29356953,f,,BV,Municipiul Brasov,4384206,13729380
29356970,f,,BV,Municipiul Brasov,4384206,13729380
29357002,f,,BV,Municipiul Brasov,13729380,4384206
29357010,d,,AG,Comuna Mihaesti,4122540,13729380
29359100,d,,CT,Comuna Seimeni,4514861,13729380
29362203,d,,BT,Comuna Mitoc,3503643,13729380
29366108,d,,VL,Comuna Voicesti,13729380,2573993
29368664,f,,BV,Municipiul Brasov,13729380,4384206
29372797,d,,CT,Comuna Ion Corvin,13729380,5515059
29373610,d,,GJ,Comuna Lelesti,13729380,4898738
29374135,f,,CT,Comuna Cumpana,13729380,4618170
29374143,d,,AG,Municipiul Pitesti,13729380,4317967
29374275,d,,MM,Comuna Budesti,13729380,3694667
29374682,d,,AG,Comuna Leresti,4318423,13729380
29374704,d,,AG,Comuna Hirtiesti,4122566,13729380
29375645,d,,AG,Comuna Poienarii de Muscel,4122515,13729380
29375807,d,,GJ,Comuna Dragotesti,13729380,4448377
29379043,f,,BV,Municipiul Brasov,4384206,13729380
29379230,f,,BV,Municipiul Brasov,4384206,13729380
29379248,f,,BV,Municipiul Brasov,4384206,13729380
29379264,f,,BV,Municipiul Brasov,4384206,13729380
29382251,d,,AG,Comuna Schitu Golesti,4122469,13729380
29382260,d,,AG,Comuna Cetateni,4122434,13729380
29385193,d,,AG,Comuna Stefan cel Mare,4318393,13729380
29385959,f,,BV,Municipiul Sacele,4317649,13729380
29386547,d,,BV,Municipiul Sacele,4317649,13729380
29386580,d,,AG,Comuna Ungheni,4654750,13729380
29386636,d,,AG,Comuna Negrasi,13729380,5103457
29386784,d,,AG,Comuna Mirosi,5010137,13729380
29387089,d,,AG,Comuna Caldararu,5010145,13729380
29390742,d,,VL,Comuna Muereasca,13729380,2540678
29391756,f,,BV,Orasul Victoria,13729380,4523207
29394876,d,,AG,Comuna Dobresti,4469477,13729380
29397007,d,,AG,Comuna Nucsoara,4469442,13729380
29400897,d,,AG,Comuna Vulturesti,13729380,15911360
29402430,d,,CT,Comuna Fantanele,17749029,13729380
29402502,d,,CT,Comuna Lipnita,4896001,13729380
29403915,f,,BV,Municipiul Fagaras,4384419,13729380
29404473,f,,BV,Municipiul Fagaras,4384419,13729380
29404767,f,,BV,Municipiul Fagaras,4384419,13729380
29404805,d,,BV,Comuna Cincu,4443469,13729380
29404864,d,,BV,Comuna Lisa,13729380,4443434
29404880,d,,BV,Comuna Sambata de Sus,15578950,13729380
29405185,d,,AG,Comuna Micesti,4318474,13729380
29408165,d,,CT,Comuna Dumbraveni,6398771,13729380
29412999,f,,BV,Municipiul Brasov,4384206,13729380
29413030,f,,BV,Orasul Zarnesti,13729380,4646897
29413102,d,,BV,Orasul Rasnov,4443353,13729380
29413226,d,,BV,Orasul Zarnesti,4646897,13729380
29413617,d,,CT,Comuna Mircea Voda,4514632,13729380
29416460,d,,AG,Comuna Rucar,4122450,13729380
29418037,f,,BV,Municipiul Sacele,4317649,13729380
29418320,d,,BV,Municipiul Sacele,4317649,13729380
29418355,d,,BV,Municipiul Sacele,4317649,13729380
29419180,d,,AG,Comuna Cosesti,4469469,13729380
29423971,d,,AG,Comuna Bughea de Sus,16414572,13729380
29424900,d,,BV,Comuna Ucea,4443477,13729380
29424926,d,,BV,Comuna Parau,4384613,13729380
29424993,d,,CT,Comuna Oltina,6228122,13729380
29425654,d,,BV,Comuna Bod,13729380,4777213
29428162,d,,AG,Comuna Ratesti,4972001,13729380
29428251,d,,AG,Comuna Berevoesti,4122140,13729380
29430049,d,,CT,Municipiul Constanta,13729380,4785631
29433215,d,,CT,Orasul Murfatlar,13729380,4859712
29433444,d,,BV,Comuna Hirseni,13729380,4384591
29438182,d,,BV,Comuna Soars,4384621,13729380
29438298,d,,BV,Municipiul Fagaras,4384419,13729380
29438433,d,,BV,Comuna Comana,4777256,13729380
29438484,d,,BV,Comuna Ticus,13729380,4801400
29443553,d,,AG,Comuna Corbi,4318296,13729380
29443774,d,,CT,Municipiul Constanta,13729380,4785631
29444893,f,,AG,Orasul Topoloveni,4229725,13729380
29446584,d,,CT,Municipiul Constanta,4785631,13729380
29446614,d,,BV,Comuna Apata,4777205,13729380
29446622,d,,MM,Comuna Poienile Izei,7367404,13729380
29451300,d,,BV,Comuna Sanpetru,4777175,13729380
29452390,d,,GJ,Comuna Slivilesti,4352069,13729380
29454595,d,,GJ,Comuna Bolbosi,4666428,13729380
29456693,f,,CT,Comuna Crucea,13729380,7276918
29457486,d,,BN,Comuna Nimigea,4512259,13729380
29458465,d,,BV,Comuna Harman,4833941,13729380
29458872,d,,BV,Comuna Maierus,4777221,13729380
29459274,d,,BV,Comuna Teliu,4688710,13729380
29459304,d,,BV,Comuna Tarlungeni,4777140,13729380
29459320,d,,BV,Comuna Budila,4777159,13729380
29459371,d,,BV,Comuna Ormenis,4777230,13729380
29463925,d,,AG,Comuna Izvoru,13729380,4469434
29464173,d,,AG,Comuna Raca,15626402,13729380
29464416,d,,CT,Municipiul Constanta,4785631,13729380
29464866,d,,BV,Comuna Recea,13729380,4384567
29464904,f,,BV,Municipiul Fagaras,4384419,13729380
29464963,d,,BV,Comuna Bunesti,4801389,13729380
29464980,d,,BV,Comuna Homorod,4646943,13729380
29465004,d,,BV,Comuna Cata,4801370,13729380
29466387,d,,BV,Comuna Cata,4801370,13729380
29466590,d,,BV,Comuna Ungra,13729380,4777248
29466816,d,,CT,Comuna Pestera,13729380,4515360
29466891,d,,CT,Comuna Silistea,13729380,4514853
29466930,d,,CT,Comuna Lumina,13729380,4671807
29467706,d,,BH,Comuna Batar,4738419,13729380
29469871,d,,AG,Comuna Davidesti,4122531,13729380
29471367,d,,VL,Comuna Golesti,13729380,2541002
29472710,d,,BV,Comuna Augustin,17490853,13729380
29476399,d,,BV,Comuna Poiana Marului,4777272,13729380
29476852,d,,BV,Comuna Sercaia,4384575,13729380
29478659,d,,AG,Comuna Bughea de Jos,4122493,13729380
29478764,d,,BV,Comuna Vama Buzaului,4728300,13729380
29480810,d,,AG,Comuna Musatesti,4318318,13729380
29481301,d,,CT,Comuna Cuza Voda,16432269,13729380
29481433,f,,CT,Comuna Topraisar,5459919,13729380
29482153,d,,BV,Comuna Crizbav,15141180,13729380
29482170,d,,BV,Comuna Dumbravita,4777132,13729380
29482196,d,,BV,Comuna Vulcan,13729380,4777167
29482374,d,,BV,Comuna Holbav,16399529,13729380
29482404,d,,BV,Municipiul Codlea,4777108,13729380
29482439,d,,BV,Comuna Halchiu,4728318,13729380
29483116,f,,BV,Municipiul Codlea,13729380,4777108
29491011,d,,BT,Comuna Stiubieni,3643922,13729380
29491054,d,,AG,Comuna Birla,4122396,13729380
29491232,d,,AG,Comuna Harsesti,13729380,4122388
29495471,d,,MM,Comuna Desesti,3627200,13729380
29495480,d,,BV,Comuna Hoghiz,4646927,13729380
29495528,d,,BV,Comuna Hoghiz,4646927,13729380
29496060,d,,BV,Comuna Prejmer,4688701,13729380
29496922,d,,AG,Comuna Malureni,13729380,4122086
29496957,d,,AG,Comuna Tigveni,4121951,13729380
29497103,d,,AG,Comuna Baiculesti,4654741,13729380
29497197,d,,VL,Comuna Ghioroiu,2539487,13729380
29497430,d,,AG,Comuna Albestii de Arges,13729380,4121978
29501050,d,,BV,Comuna Sinca Noua,14670850,13729380
29501336,d,,GJ,Comuna Godinesti,4898819,13729380
29503132,d,,VL,Comuna Diculesti,16379238,13729380
29503140,d,,VL,Comuna Lacusteni,16404161,13729380
29505710,d,,VL,Comuna Sirineasa,13729380,2541134
29508571,d,,GJ,Comuna Licurici,4956146,13729380
29508580,d,,GJ,Comuna Berlesti,4956200,13729380
29509321,d,,AG,Comuna Titesti,13729380,4971944
29509518,d,,AG,Comuna Stolnici,4469493,13729380
29512750,d,,GJ,Comuna Danciulesti,13729380,4898630
29513080,d,,CT,Comuna Amzacea,4707641,13729380
29513241,d,,AG,Orasul Stefanesti,4122574,13729380
29517375,d,,BV,Comuna Sinca,4384583,13729380
29517650,d,,BV,Comuna Cristian,4728369,13729380
29519902,i,,CT,Comuna Ciobanu,7249840,13729380
29520109,d,,GJ,Orasul Tirgu Carbunesti,4898681,13729380
29546990,d,,VL,Comuna Popesti,13729380,2541126
29581254,d,,VL,Comuna Bujoreni,13729380,2541010
29599880,d,,GJ,Comuna Turcinesti,4898924,13729380
29604927,d,,CT,Comuna Cerchezu,13729380,4618439
29772246,d,,GJ,Comuna Tantareni,4666401,13729380
2981739,3,1,CT,Municipiul Constanta
2983845,p,,CT,Municipiul Constanta,2981739
29854214,v,,AG,Municipiul Curtea de Arges,4121927
29878434,d,,VL,Comuna Titesti,13729380,15170186
29885385,d,,BN,Municipiul Bistrita,4347569,13729380
2989686,2,1,VL,Comuna Malaia
29971923,d,,BZ,Comuna Costesti,2407559,13729380
30016998,d,,MM,Comuna Suciu de Sus,13729380,3695271
30134985,d,,VL,Comuna Racovita,13729380,2541673
30625672,f,,SV,Municipiul Suceava,13729380,4244792
30632467,d,,BH,Comuna Magesti,13729380,4687234
30646241,d,,BH,Comuna Soimi,4454972,13729380
30651086,d,,PH,Comuna Barcanesti,2845311,13729380
30657780,d,,HD,Municipiul Orastie,4634515,13729380
30738400,d,,VS,Comuna Bogdanita,3764142,13729380
30766493,d,,BC,Comuna Stanisesti,13729380,4670216
30825247,d,,VS,Comuna Stefan cel Mare,3552042,13729380
30895420,d,,SJ,Comuna Lozna,4495166,13729380
3096175,r,,SB,Municipiul Sibiu,13633330
30962791,m,,OT,Orasul Corabia,4716810,13729380
31028184,f,,OT,Orasul Draganesti Olt,5209912,13729380
31061130,d,,GR,Municipiul Giurgiu,13729380,4852455
31062160,d,,GR,Municipiul Giurgiu,4852455,13729380
31062984,d,,GR,Municipiul Giurgiu,4852455,13729380
3126381,2,1,GL,Comuna Schela
3126420,2,1,GL,Comuna Oancea
3126489,2,1,GL,Comuna Grivita
3126519,f,,GL,Municipiul Galati,3814810,13729380
3126527,f,,GL,Municipiul Tecuci,13729380,4269312
3126535,f,,GL,Municipiul Galati,3814810,13729380
3126551,f,,GL,Municipiul Galati,3814810,13729380
3126578,2,1,GL,Comuna Vladesti
3126586,f,,GL,Municipiul Galati,3814810,13729380
3126594,f,,GL,Municipiul Galati,3814810,13729380
3126616,f,,GL,Municipiul Galati,3814810,13729380
3126624,2,1,GL,Comuna Tudor Vladimirescu
3126632,2,1,GL,Comuna Namoloasa
3126667,f,,GL,Municipiul Galati,3814810,13729380
3126691,f,,GL,Municipiul Galati,3814810,13729380
3126721,2,1,GL,Comuna Pechea
3126730,f,,GL,Municipiul Galati,3814810,13729380
3126748,2,1,GL,Comuna Baleni
3126772,2,1,GL,Comuna Costache Negri
3126802,2,1,GL,Comuna Foltesti
3126837,2,1,GL,Comuna Fundeni
3126853,p,,GL,Municipiul Galati,3127476
3126870,2,1,GL,Comuna Rediu
3126926,f,,GL,Municipiul Galati,3814810,13729380
3126934,f,,GL,Municipiul Galati,3814810,13729380
3126950,f,,GL,Municipiul Galati,3814810,13729380
3127000,2,1,GL,Comuna Cuca
3127018,2,1,GL,Comuna Piscu
3127026,2,1,GL,Comuna Slobozia-Conachi
3127085,d,,GL,Municipiul Galati,3814810,13729380
3127093,2,1,GL,Comuna Scanteiesti
3127174,f,,GL,Municipiul Galati,3814810,13729380
3127328,r,,GL,Municipiul Galati,13633330
3127476,3,1,GL,Municipiul Galati
3127522,h,,GL,Municipiul Galati,13729380
31616206,i,,BV,Municipiul Brasov,4384206,13729380
31954797,d,,MM,Comuna Poienile de sub Munte,3694675,13729380
3197080,f,,PH,Comuna Maneciu,2843221,13729380
32019419,d,,HD,Municipiul Lupeni,4375046,13729380
32051606,e,,MS,Municipiul Targu Mures,4266456
32112991,d,,B,Sectorul 6 al Municipiului Bucuresti,13729380,4340730
32113059,d,,B,Sectorul 6 al Municipiului Bucuresti,4340730,13729380
32115351,f,,B,Sectorul 6 al Municipiului Bucuresti,4340730,13729380
32167296,d,,B,Sectorul 6 al Municipiului Bucuresti,4340730,13729380
32211529,d,,HD,Municipiul Brad,4374962,13729380
32212621,d,,HD,Municipiul Orastie,4634515,13729380
32223876,d,,HD,Municipiul Brad,4374962,13729380
32227606,d,,HD,Municipiul Petrosani,4468943,13729380
32243288,d,,B,Sectorul 6 al Municipiului Bucuresti,4340730,13729380
32243849,d,,B,Sectorul 6 al Municipiului Bucuresti,4340730,13729380
32256458,d,,HD,Municipiul Hunedoara,2127028,13729380
3227041,f,,CS,Orasul Otelu Rosu,13729380,3227971
3227181,2,1,CS,Comuna Sacu
3227190,2,1,CS,Comuna Sasca Montana
3227203,2,1,CS,Comuna Sichevita
3227211,2,1,CS,Comuna Slatina-Timis
3227220,2,1,CS,Comuna Socol
3227238,2,1,CS,Comuna Sopotu Nou
3227246,2,1,CS,Comuna Teregova
3227254,2,1,CS,Comuna Ticvaniu Mare
3227262,2,1,CS,Comuna Tarnova
3227270,2,1,CS,Comuna Toplet
3227289,2,1,CS,Comuna Turnu Ruieni
3227297,2,1,CS,Comuna Valiug
3227300,2,1,CS,Comuna Varadia
3227319,2,1,CS,Comuna Vermes
3227327,2,1,CS,Comuna Vrani
3227335,2,1,CS,Comuna Zavoi
3227343,2,1,CS,Comuna Zorlentu Mare
3227408,2,1,CS,Comuna Glimboca
3227416,2,1,CS,Comuna Goruia
3227424,2,1,CS,Comuna Gradinari
3227432,2,1,CS,Comuna Iablanita
3227459,2,1,CS,Comuna Lapusnicu Mare
3227467,2,1,CS,Comuna Luncavita
3227475,2,1,CS,Comuna Lupac
3227483,2,1,CS,Comuna Marga
3227491,2,1,CS,Comuna Maureni
3227505,2,1,CS,Comuna Mehadia
3227513,2,1,CS,Comuna Mehadica
3227521,2,1,CS,Comuna Naidas
3227530,2,1,CS,Comuna Obreja
3227548,2,1,CS,Comuna Ocna de Fier
3227556,2,1,CS,Comuna Paltinis
3227564,2,1,CS,Comuna Coronini
3227572,2,1,CS,Comuna Pojejena
3227580,2,1,CS,Comuna Prigor
32275859,d,,GL,Comuna Draguseni,4591309,13729380
3227599,2,1,CS,Comuna Ramna
3227602,2,1,CS,Comuna Racajdia
3227610,2,1,CS,Comuna Rusca Montana
3227629,2,1,CS,Comuna Brebu
3227637,2,1,CS,Comuna Brebu Nou
3227645,2,1,CS,Comuna Bucosnita
3227653,2,1,CS,Comuna Buchin
3227661,2,1,CS,Comuna Carasova
3227670,2,1,CS,Comuna Carbunari
3227688,2,1,CS,Comuna Ciclova Romana
3227696,2,1,CS,Comuna Ciuchici
3227700,2,1,CS,Comuna Ciudanovita
3227718,2,1,CS,Comuna Constantin Daicoviciu
3227726,2,1,CS,Comuna Copacele
3227734,2,1,CS,Comuna Cornea
3227742,2,1,CS,Comuna Cornereva
3227750,2,1,CS,Comuna Dalboset
3227769,2,1,CS,Comuna Doclin
3227777,2,1,CS,Comuna Dognecea
3227785,2,1,CS,Comuna Domasnea
3227793,2,1,CS,Comuna Eftimie Murgu
3227807,2,1,CS,Comuna Ezeris
3227815,2,1,CS,Comuna Farliug
3227823,2,1,CS,Comuna Forotic
3227831,2,1,CS,Comuna Garnic
3227890,3,1,CS,Municipiul Resita
3227912,7,1,CS,Orasul Anina
3227920,7,1,CS,Orasul Baile Herculane
3227939,7,1,CS,Orasul Bocsa
3227947,5,1,CS,Municipiul Caransebes
3227955,7,1,CS,Orasul Moldova Noua
3227963,7,1,CS,Orasul Oravita
3227971,7,1,CS,Orasul Otelu Rosu
3227980,2,1,CS,Comuna Armenis
3227998,2,1,CS,Comuna Bania
3228004,2,1,CS,Comuna Bautar
3228012,2,1,CS,Comuna Berliste
3228020,2,1,CS,Comuna Berzasca Caras
3228039,2,1,CS,Comuna Berzovia
3228047,2,1,CS,Comuna Bolvasnita
3228055,2,1,CS,Comuna Bozovici
3228152,q,,CS,Municipiul Resita,4266456
3228195,p,,CS,Orasul Moldova Noua,3227955
3228209,p,,CS,Municipiul Caransebes,3227947
3228497,f,,CS,Municipiul Resita,13729380,3228764
3228519,f,,CS,Municipiul Resita,3228764,13729380
3228527,f,,CS,Orasul Anina,13729380,3227912
3228608,f,,CS,Comuna Bozovici,3228055,13729380
3228659,f,,CS,Municipiul Caransebes,13729380,3227947
3228675,f,,CS,Municipiul Resita,3228764,13729380
3228683,f,,CS,Municipiul Caransebes,13729380,3227947
32287098,d,,B,Sectorul 1 al Municipiului Bucuresti,13729380,4505359
3228764,5,1,CS,Municipiul Resita
3228799,f,,CS,Municipiul Resita,13729380,3228764
3228837,f,,CS,Municipiul Resita,13729380,3228764
32307667,d,,BV,Orasul Rupea,4443388,13729380
32323565,a,,HR,Municipiul Odorheiu Secuiesc,13729380
3233078,p,,CL,Municipiul Calarasi,4294030
32363047,d,,B,Sectorul 4 al Municipiului Bucuresti,13729380,4316422
32367480,d,,B,Sectorul 4 al Municipiului Bucuresti,4316422,13729380
32375718,d,,B,Sectorul 4 al Municipiului Bucuresti,4316422,13729380
32375726,d,,B,Sectorul 4 al Municipiului Bucuresti,4316422,13729380
32417368,f,,BZ,Orasul Pogoanele,13729380,3607644
32509437,d,,IF,Comuna Vidra,13729380,4505570
32620299,d,,OT,Orasul Piatra Olt,4491237,13729380
3264538,f,,GL,Municipiul Galati,3814810,13729380
3264546,f,,GL,Comuna Tudor Vladimirescu,3126624,13729380
3264562,2,1,GL,Comuna Liesti
3264589,2,1,GL,Comuna Barcea
3264597,2,1,GL,Comuna Draganesti
3264619,f,,GL,Municipiul Galati,3814810,13729380
3264627,f,,GL,Municipiul Galati,13729380,3814810
32685441,d,,IF,Comuna Jilava,4420791,13729380
32841265,a,,OT,Municipiul Caracal,13729380
32903015,d,,MM,Comuna Asuaju de Sus,3627269,13729380
32984630,a,,MM,Municipiul Sighetu Marmatiei,13729380
3327121,f,,B,Sectorul 3 al Municipiului Bucuresti,13729380,4420465
33309518,a,,SV,Municipiul Falticeni,13729380
33315234,d,,MM,Comuna Salsig,3627773,13729380
33316957,d,,B,Sectorul 5 al Municipiului Bucuresti,4433953,13729380
33323431,d,,B,Sectorul 5 al Municipiului Bucuresti,4433953,13729380
33323520,d,,B,Sectorul 5 al Municipiului Bucuresti,4433953,13729380
33327727,d,,B,Sectorul 5 al Municipiului Bucuresti,4433953,13729380
33327743,d,,B,Sectorul 5 al Municipiului Bucuresti,4433953,13729380
33355590,a,,BV,Orasul Victoria,13729380
33374206,d,,B,Sectorul 5 al Municipiului Bucuresti,4433953,13729380
3337532,5,1,VS,Municipiul Vaslui
3337540,f,,VS,Municipiul Vaslui,13729380,3337532
3337559,a,,VS,Municipiul Vaslui,13729380
33375678,d,,B,Sectorul 5 al Municipiului Bucuresti,4433953,13729380
33375686,d,,B,Sectorul 5 al Municipiului Bucuresti,4433953,13729380
33375708,d,,B,Sectorul 5 al Municipiului Bucuresti,4433953,13729380
3337583,2,1,VS,Comuna Solesti
33375830,d,,B,Sectorul 5 al Municipiului Bucuresti,4433953,13729380
3337605,2,1,VS,Comuna Miclesti
3337613,2,1,VS,Comuna Codaesti
3337621,2,1,VS,Comuna Bacesti
3337630,2,1,VS,Comuna Todiresti
3337648,2,1,VS,Comuna Vulturesti
3337656,2,1,VS,Comuna Osesti
3337664,2,1,VS,Comuna Delesti
3337672,2,1,VS,Comuna Laza
3337680,2,1,VS,Comuna Vutcani
3337699,2,1,VS,Comuna Zapodeni
3337702,2,1,VS,Comuna Muntenii de Jos
3337710,7,1,VS,Orasul Murgeni
3337729,2,1,VS,Comuna Botesti
3337737,2,1,VS,Comuna Oltenesti
33434570,a,,DB,Orasul Pucioasa,13729380
33434600,a,,DB,Orasul Gaesti,13729380
3346867,2,1,GL,Comuna Beresti-Meria
3346883,7,1,GL,Orasul Beresti
3346913,p,,GL,Orasul Targu Bujor,3127476
3346980,b,,GL,Municipiul Galati,11424532
3347048,2,1,GL,Comuna Cavadinesti
3347072,p,,GL,Municipiul Galati,3127476
33540236,a,,NT,Municipiul Roman,13729380
33547650,d,,SJ,Comuna Almasu,4637619,13729380
33552605,d,,BC,Comuna Hemeiusi,13729380,4352832
33556615,d,,IL,Comuna Giurgeni,4427951,13729380
33557289,d,,IL,Comuna Ciochina,4231830,13729380
33557360,d,,IL,Comuna Rosiori,16371412,13729380
33558373,d,,IL,Comuna Jilavele,4365174,13729380
33558519,d,,IL,Comuna Stelnica,13729380,4364799
33558543,d,,IL,Comuna Movila,13729380,4365344
33558551,d,,IL,Comuna Boranesti,13729380,16376312
33558578,d,,IL,Comuna Ciulnita,13729380,4231903
33558624,d,,IL,Comuna Milosesti,4427897,13729380
33558748,d,,IL,Comuna Alexeni,4365085,13729380
33559123,d,,IL,Comuna Marculesti,17541604,13729380
33559611,d,,IL,Comuna Albesti,4428027,13729380
33559743,d,,IL,Comuna Platonesti,17453693,13729380
33559751,d,,IL,Comuna Andrasesti,13729380,4231636
33559816,d,,IL,Comuna Ograda,13729380,16371390
33559832,i,,IL,Comuna Traian,15552755,13729380
33560624,d,,IL,Comuna Barbulesti,13729380,18893021
33560632,d,,IL,Comuna Garbovi,4365158,13729380
33560691,d,,IL,Comuna Cocora,4427943,13729380
33560705,i,,IL,Comuna Ion Roata,4365107,13729380
33560896,d,,IL,Comuna Sfantul Gheorghe,13729380,4365204
33560950,d,,IL,Comuna Sarateni,17450697,13729380
33561018,d,,IL,Comuna Axintele,13729380,4231938
33561182,d,,IL,Comuna Valea Macrisului,13729380,4428000
33561212,d,,IL,Comuna Barcanesti,13729380,4365271
33561263,i,,IL,Comuna Bordusani,4428094,13729380
33561298,d,,IL,Comuna Sinesti,13729380,4365069
33561913,d,,IL,Comuna Scanteia,13729380,4506885
33561964,d,,IL,Comuna Perieti,13729380,4231849
33565729,a,,TL,Orasul Macin,13729380
33611736,a,,AR,Orasul Sebis,13729380
33621551,f,,OT,Municipiul Caracal,4395175,13729380
33626290,a,,B,Sectorul 5 al Municipiului Bucuresti,13729380
3365125,f,,HD,Orasul Geoagiu,5742426,13729380
3372017,7,1,BT,Orasul Darabani
3372041,d,,BT,Orasul Saveni,3372050,13729380
3372050,7,1,BT,Orasul Saveni
3372084,2,1,BT,Comuna Stauceni
3372106,2,1,BT,Comuna Rachiti
3372114,2,1,BT,Comuna Roma
3372122,2,1,BT,Comuna Nicseni
3372130,2,1,BT,Comuna Leorda
3372149,2,1,BT,Comuna Viisoara
3372157,2,1,BT,Comuna Cotusca
3372165,2,1,BT,Comuna Ibanesti
3372173,7,1,BT,Orasul Flamanzi
3372190,2,1,BT,Comuna Copalau
3372211,f,,BT,Municipiul Botosani,3372882,13729380
3372378,f,,BT,Orasul Darabani,13729380,3372017
3372416,f,,BT,Municipiul Botosani,3372882,13729380
3372580,f,,BT,Municipiul Botosani,13729380,3372882
3372629,f,,BT,Municipiul Botosani,3372882,13729380
3372882,5,1,BT,Municipiul Botosani
3372955,3,1,BT,Municipiul Botosani
3373314,f,,BT,Comuna Trusesti,3373497,13729380
3373322,2,1,BT,Comuna Frumusica
3373330,2,1,BT,Comuna Prajeni
3373349,2,1,BT,Comuna Vlasinesti
3373357,2,1,BT,Comuna Sulita
3373365,2,1,BT,Comuna Hlipiceni
3373373,2,1,BT,Comuna Rauseni
3373381,2,1,BT,Comuna Todireni
3373390,2,1,BT,Comuna Lunca
3373403,7,1,BT,Orasul Stefanesti
3373411,f,,BT,Orasul Stefanesti,13729380,3373403
3373420,2,1,BT,Comuna Durnesti
3373438,2,1,BT,Comuna Romanesti
3373446,2,1,BT,Comuna Santa Mare
3373454,2,1,BT,Comuna Calarasi
3373462,2,1,BT,Comuna Mihalaseni
3373497,2,1,BT,Comuna Trusesti
3373519,2,1,BT,Comuna Albesti
3373527,2,1,BT,Comuna Gorbanesti
3373535,2,1,BT,Comuna Dangeni
3373543,2,1,BT,Comuna Dobarceni
33898880,d,,OT,Orasul Scornicesti,4491369,13729380
3394074,2,1,VS,Comuna Grivita
3394082,2,1,VS,Comuna Ivesti
3394090,2,1,VS,Comuna Coroiesti
3394104,2,1,VS,Comuna Vinderei
3394112,2,1,VS,Comuna Epureni
3394120,2,1,VS,Comuna Bacani
3394139,2,1,VS,Comuna Alexandru Vlahuta
3394171,3,1,VS,Municipiul Vaslui
3394228,2,1,VS,Comuna Rebricea
3394236,2,1,VS,Comuna Costesti
3394244,2,1,VS,Comuna Lipovat
3394252,2,1,VS,Comuna Deleni
3394260,2,1,VS,Comuna Blagesti
3394279,2,1,VS,Comuna Malusteni
3394287,2,1,VS,Comuna Suletea
3394295,2,1,VS,Comuna Dimitrie Cantemir
3394309,2,1,VS,Comuna Hoceni
3394317,2,1,VS,Comuna Puiesti
3394325,2,1,VS,Comuna Iana
3394333,2,1,VS,Comuna Dranceni
3394341,2,1,VS,Comuna Padureni
3394350,2,1,VS,Comuna Duda Epureni
3394368,2,1,VS,Comuna Lunca Banului
3433858,2,1,BT,Comuna Unteni
3433866,2,1,BT,Comuna Curtesti
3433890,2,1,BT,Comuna Baluseni
3433912,2,1,BT,Comuna Suharau
34340120,v,,NT,Municipiul Piatra Neamt,2612790
3437175,2,1,GL,Comuna Corni
3466367,f,,CL,Municipiul Calarasi,13729380,4445370
34839164,d,,GR,Comuna Comana,5755124,13729380
3487181,h,,TM,Municipiul Timisoara,13729380
34933225,d,,GR,Comuna Prundu,5123640,13729380
35000402,1,,B,Sectorul 3 al Municipiului Bucuresti,4283422,4221306
3503600,2,1,BT,Comuna Mihai Eminescu
3503627,2,1,BT,Comuna Varfu Campului
3503635,2,1,BT,Comuna Draguseni
3503643,2,1,BT,Comuna Mitoc
3503651,2,1,BT,Comuna Radauti-Prut
3503660,2,1,BT,Comuna Dersca
3503678,2,1,BT,Comuna Pomarla
3503686,2,1,BT,Comuna Vaculesti
3503694,2,1,BT,Comuna Braesti
3518822,7,1,AR,Orasul Nadlac
3518830,2,1,AR,Comuna Semlac
3518849,2,1,AR,Comuna Seitin
3518865,f,,AR,Orasul Nadlac,3518822,13729380
3518873,2,1,AR,Comuna Seleus
3518881,2,1,AR,Comuna Taut
3518890,2,1,AR,Comuna Tarnova
3518911,7,1,AR,Orasul Pancota
3518920,2,1,AR,Comuna Siria
3518938,f,,AR,Orasul Pancota,13729380,3518911
3518954,f,,AR,Orasul Sebis,3518970,13729380
3518970,7,1,AR,Orasul Sebis
3518989,2,1,AR,Comuna Barsa
3518997,2,1,AR,Comuna Buteni
3519003,2,1,AR,Comuna Carand
3519011,2,1,AR,Comuna Chisindia
3519020,7,1,AR,Orasul Ineu
3519038,2,1,AR,Comuna Bocsig
3519046,2,1,AR,Comuna Sicula
3519054,2,1,AR,Comuna Silindia
3519070,f,,AR,Orasul Ineu,3519020,13729380
3519089,2,1,AR,Comuna Bata
3519097,f,,AR,Orasul Lipova,3519224,13729380
3519119,f,,AR,Orasul Lipova,3519224,13729380
3519127,2,1,AR,Comuna Birchis
3519135,2,1,AR,Comuna Barzava
3519143,2,1,AR,Comuna Conop
3519160,2,1,AR,Comuna Petris
3519178,2,1,AR,Comuna Savarsin
3519194,2,1,AR,Comuna Ususau
3519208,2,1,AR,Comuna Varadia de Mures
3519216,2,1,AR,Comuna Zabrani
3519224,7,1,AR,Orasul Lipova
3519240,f,,AR,Municipiul Arad,3519925,13729380
3519283,7,1,AR,Orasul Chisineu Cris
3519291,2,1,AR,Comuna Graniceri
3519305,2,1,AR,Comuna Misca
3519313,2,1,AR,Comuna Pilu
3519321,2,1,AR,Comuna Sintea Mare
3519330,2,1,AR,Comuna Socodor
3519348,2,1,AR,Comuna Sepreus
3519356,2,1,AR,Comuna Simand
3519364,2,1,AR,Comuna Zerind
3519372,2,1,AR,Comuna Apateu
3519402,7,1,AR,Orasul Curtici
3519410,2,1,AR,Comuna Macea
3519437,f,,AR,Orasul Ineu,3519020,13729380
3519496,q,,AR,Municipiul Arad,4266456
3519500,h,,AR,Municipiul Arad,13729380
3519518,2,1,AR,Comuna Felnac
3519526,2,1,AR,Comuna Fantinele
3519534,2,1,AR,Comuna Iratosu
3519550,7,1,AR,Orasul Pecica
3519569,2,1,AR,Comuna Peregu Mare
3519577,2,1,AR,Comuna Secusigiu
3519585,2,1,AR,Comuna Sagu
3519593,2,1,AR,Comuna Sofronea
3519607,2,1,AR,Comuna Vinga
3519615,2,1,AR,Comuna Vladimirescu
3519623,2,1,AR,Comuna Zimandu Nou
3519682,f,,AR,Municipiul Arad,3519925,13729380
3519690,f,,AR,Municipiul Arad,3519925,13729380
3519720,f,,AR,Municipiul Arad,3519925,13729380
3519755,f,,AR,Municipiul Arad,3519925,13729380
3519860,f,,AR,Municipiul Arad,3519925,13729380
3519879,p,,AR,Municipiul Arad,3519941
3519925,5,1,AR,Municipiul Arad
3519941,3,1,AR,Municipiul Arad
3519976,f,,AR,Municipiul Arad,3519925,13729380
3519984,f,,AR,Municipiul Arad,3519925,13729380
3519992,f,,AR,Municipiul Arad,3519925,13729380
3520016,f,,AR,Municipiul Arad,3519925,13729380
3520024,f,,AR,Municipiul Arad,3519925,13729380
3520032,f,,AR,Municipiul Arad,3519925,13729380
3520040,f,,AR,Municipiul Arad,3519925,13729380
3520059,f,,AR,Municipiul Arad,3519925,13729380
3520067,f,,AR,Orasul Pecica,3519550,13729380
3520075,a,,AR,Municipiul Arad,13729380
3520105,f,,AR,Orasul Santana,3520121,13729380
3520113,2,1,AR,Comuna Olari
3520121,7,1,AR,Orasul Santana
3520130,2,1,AR,Comuna Zarand
3520148,2,1,AR,Comuna Dezna
3520164,2,1,AR,Comuna Moneasa
3520172,2,1,AR,Comuna Archis
3520180,2,1,AR,Comuna Beliu
3520199,2,1,AR,Comuna Cermei
3520202,2,1,AR,Comuna Craiva
3520210,2,1,AR,Comuna Hasmas
3520237,2,1,AR,Comuna Ghioroc
3520245,2,1,AR,Comuna Paulis
3520253,2,1,AR,Comuna Covasint
3520261,f,,AR,Comuna Gurahont,13729380,3520296
3520288,2,1,AR,Comuna Brazii
3520296,2,1,AR,Comuna Gurahont
3520300,2,1,AR,Comuna Halmagiu
3520318,2,1,AR,Comuna Halmagel
3520334,2,1,AR,Comuna Varfurile
3520342,2,1,AR,Comuna Dieci
3551942,p,,VS,Municipiul Vaslui,3394171
3551969,f,,VS,Municipiul Vaslui,3337532,13729380
3552042,2,1,VS,Comuna Stefan cel Mare
3552050,2,1,VS,Comuna Gagesti
3552069,2,1,VS,Comuna Pogana
3552077,2,1,VS,Comuna Arsura
3552085,2,1,VS,Comuna Berezeni
3552093,2,1,VS,Comuna Stanilesti
3552107,2,1,VS,Comuna Zorleni
3553269,2,1,GL,Comuna Sendreni
3553307,2,1,GL,Comuna Tulucesti
35632875,a,,AG,Orasul Costesti,13729380
35669289,a,,AG,Municipiul Pitesti,13729380
3571559,2,1,BT,Comuna Paltinis
3571567,2,1,BT,Comuna Mileanca
3571575,2,1,BT,Comuna Sendriceni
3571583,2,1,BT,Comuna Ungureni
3571591,2,1,BT,Comuna Avrameni
3571605,2,1,BT,Comuna Ripiceni
3571613,2,1,BT,Comuna Hanesti
3585570,f,,BT,Municipiul Botosani,3372882,13729380
35906512,f,,DJ,Municipiul Craiova,4417214,13729380
3601986,2,1,GL,Comuna Ivesti
3602000,2,1,GL,Comuna Brahasesti
3602710,f,,VS,Municipiul Husi,3602736,13729380
3602736,5,1,VS,Municipiul Husi
3602779,2,1,VS,Comuna Voinesti
3607644,7,1,BZ,Orasul Pogoanele
3626905,2,1,MM,Comuna Satulung
3626913,2,1,MM,Comuna Boiu Mare
3626921,2,1,MM,Comuna Moisei
3626956,2,1,MM,Comuna Ieud
3627005,f,,MM,Municipiul Baia Mare,3627692,13729380
3627099,2,1,MM,Comuna Coroieni
3627161,2,1,MM,Comuna Baita de sub Codru
3627170,7,1,MM,Orasul Tautii Magheraus
3627196,2,1,MM,Comuna Botiza
3627200,2,1,MM,Comuna Desesti
3627218,2,1,MM,Comuna Lapus
3627269,2,1,MM,Comuna Asuaju de Sus
3627277,2,1,MM,Comuna Sisesti
3627315,3,1,MM,Municipiul Baia Mare
3627358,2,1,MM,Comuna Bicaz
3627374,2,1,MM,Comuna Cicarlau
3627382,7,1,MM,Orasul Salistea de Sus
3627390,2,1,MM,Comuna Sacalaseni
3627412,2,1,MM,Comuna Arinis
3627501,p,,MM,Municipiul Baia Mare,3627315
3627528,2,1,MM,Comuna Vima Mica
3627536,2,1,MM,Comuna Sacel
3627544,7,1,MM,Orasul Borsa
3627552,2,1,MM,Comuna Ruscova
3627560,7,1,MM,Orasul Dragomiresti
3627579,2,1,MM,Comuna Bogdan Voda
3627587,p,,MM,Municipiul Sighetu Marmatiei,3695174
3627595,7,1,MM,Orasul Cavnic
3627625,2,1,MM,Comuna Miresu Mare
3627641,7,1,MM,Orasul Viseu de Sus
3627650,f,,MM,Municipiul Sighetu Marmatiei,3695174,13729380
3627684,2,1,MM,Comuna Petrova
3627692,5,1,MM,Municipiul Baia Mare
3627722,2,1,MM,Comuna Grosi
3627757,2,1,MM,Comuna Recea
3627765,7,1,MM,Orasul Seini
3627773,2,1,MM,Comuna Salsig
3627803,2,1,MM,Comuna Dumbravita
3627862,2,1,MM,Comuna Rozavlea
3627870,2,1,MM,Comuna Ardusat
3627889,2,1,MM,Comuna Viseu de Jos
3627897,2,1,MM,Comuna Cernesti
3627943,f,,MM,Orasul Viseu de Sus,13729380,3627641
3628817,f,,HD,Municipiul Hunedoara,2127028,13729380
3643876,7,1,BT,Orasul Bucecea
3643884,2,1,BT,Comuna Havarna
3643892,2,1,BT,Comuna Concesti
3643906,2,1,BT,Comuna Manoleasa
3643914,2,1,BT,Comuna Vorniceni
3643922,2,1,BT,Comuna Stiubieni
36461480,1,,B,Sectorul 3 al Municipiului Bucuresti,4265841
36482652,f,,AR,Municipiul Arad,3519925,13729380
36529976,a,,IS,Municipiul Pascani,13729380
36558769,d,,IF,Orasul Buftea,13729380,4434029
3655897,2,1,GL,Comuna Ghidigeni
3655900,2,1,GL,Comuna Valea Marului
3655919,2,1,GL,Comuna Cudalbi
3655935,2,1,GL,Comuna Tepu
3655943,2,1,GL,Comuna Cosmesti
3662436,2,1,BZ,Comuna Topliceni
3662444,2,1,BZ,Comuna Buda
3662452,2,1,BZ,Comuna Pardosi
3662460,2,1,BZ,Comuna Valea Salciei
3662487,2,1,BZ,Comuna Sapoca
3662495,3,1,BZ,Municipiul Buzau
3662541,2,1,BZ,Comuna Merei
3662550,f,,BZ,Comuna Beceni,13729380,3662568
3662568,2,1,BZ,Comuna Beceni
3662576,2,1,BZ,Comuna Vintila Voda
3662584,2,1,BZ,Comuna Lopatari
3662592,2,1,BZ,Comuna Minzalesti
3662606,2,1,BZ,Comuna Sarulesti
3662614,2,1,BZ,Comuna Margaritesti
3662622,2,1,BZ,Comuna Cernatesti
3662630,2,1,BZ,Comuna Chiliile
3662649,f,,BZ,Comuna Berca,3662665,13729380
3662657,2,1,BZ,Comuna Scortoasa
3662665,2,1,BZ,Comuna Berca
3662673,2,1,BZ,Comuna Canesti
3662681,2,1,BZ,Comuna C.A.Rosetti
3662690,2,1,BZ,Comuna Grebanu
3662703,2,1,BZ,Comuna Valea Ramnicului
3667905,f,,VS,Comuna Codaesti,13729380,3337613
3667921,2,1,VS,Comuna Cretesti
3671027,f,,NT,Comuna Agapia,13729380,2614112
3672006,2,1,BT,Comuna Mihaileni
3672014,f,,BT,Orasul Bucecea,3643876,13729380
3672022,2,1,BT,Comuna Hudesti
3672030,2,1,BT,Comuna Tudora
3672049,2,1,BT,Comuna Vorona
3672057,2,1,BT,Comuna Cristesti
3675258,5,1,MS,Municipiul Reghin
36755310,t,,B,Sectorul 6 al Municipiului Bucuresti,4267095
36884072,v,,DJ,Municipiul Craiova,4417214
3694497,2,1,MM,Comuna Baiut
3694519,d,,MM,Comuna Arinis,3627412,13729380
3694527,2,1,MM,Comuna Bocicoiu Mare
3694535,2,1,MM,Comuna Ocna Sugatag
3694543,2,1,MM,Comuna Valea Chioarului
3694586,2,1,MM,Comuna Remetea Chioarului
3694594,p,,MM,Municipiul Baia Mare,3627315
3694608,f,,MM,Municipiul Baia Mare,3627692,13729380
3694632,2,1,MM,Comuna Farcasa
3694667,2,1,MM,Comuna Budesti
3694675,2,1,MM,Comuna Poienile de sub Munte
3694705,2,1,MM,Comuna Rona de Sus
3694730,f,,MM,Orasul Cavnic,13729380,3627595
3694756,2,1,MM,Comuna Oarta de Jos
3694772,7,1,MM,Orasul Ulmeni
3694780,2,1,MM,Comuna Stramtura
3694799,2,1,MM,Comuna Basesti
3694802,2,1,MM,Comuna Vadu Izei
3694810,2,1,MM,Comuna Barsana
3694829,7,1,MM,Orasul Somcuta Mare
3694837,2,1,MM,Comuna Calinesti
3694845,2,1,MM,Comuna Repedea
3694853,f,,MM,Orasul Targu Lapus,13729380,3694861
3694861,7,1,MM,Orasul Targu Lapus
3694870,f,,MM,Orasul Targu Lapus,3694861,13729380
3694896,r,,MM,Orasul Borsa,4266456
3694900,2,1,MM,Comuna Leordina
3694918,7,1,MM,Orasul Baia Sprie
3694926,2,1,MM,Comuna Giulesti
3694934,f,,MM,Municipiul Baia Mare,3627692,13729380
3694942,f,,MM,Municipiul Baia Mare,3627692,13729380
3694950,p,,MM,Orasul Viseu de Sus,3627641
3694969,2,1,MM,Comuna Cupseni
3695000,2,1,MM,Comuna Bistra
3695069,f,,MM,Municipiul Baia Mare,13729380,3627692
3695085,2,1,MM,Comuna Rona de Jos
3695093,2,1,MM,Comuna Campulung la Tisa
3695107,2,1,MM,Comuna Sapanta
3695115,2,1,MM,Comuna Copalnic Manastur
3695158,f,,MM,Municipiul Sighetu Marmatiei,3695174,13729380
3695166,f,,MM,Municipiul Sighetu Marmatiei,3695174,13729380
3695174,5,1,MM,Municipiul Sighetu Marmatiei
3695190,f,,MM,Orasul Ulmeni,3694772,13729380
3695247,p,,MM,Orasul Targu Lapus,3694861
3695263,f,,MM,Orasul Borsa,3627544,13729380
3695271,2,1,MM,Comuna Suciu de Sus
3695280,f,,MM,Municipiul Baia Mare,3627692,13729380
3695298,2,1,MM,Comuna Remeti
3695301,2,1,MM,Comuna Sarasau
36975111,d,,B,Sectorul 5 al Municipiului Bucuresti,4433953,13729380
3701837,2,1,GL,Comuna Jorasti
3721907,7,1,TL,Orasul Isaccea
3721966,f,,TL,Municipiul Tulcea,4321429,13729380
3724385,2,1,BZ,Comuna Glodeanu Sarat
3724393,2,1,BZ,Comuna Largu
3724407,2,1,BZ,Comuna Bisoca
3724415,r,,BZ,Comuna Sapoca,4266456
3724423,2,1,BZ,Comuna Cilibia
3724431,2,1,BZ,Comuna Rusetu
3724440,2,1,BZ,Comuna Galbinasi
3724458,2,1,BZ,Comuna Luciu
3724466,2,1,BZ,Comuna Braiesti
3724474,f,,BZ,Comuna Smeeni,13729380,4154380
3724482,2,1,BZ,Comuna Bradeanu
3724490,2,1,BZ,Comuna Murgesti
3724504,2,1,BZ,Comuna Blajani
3724512,2,1,BZ,Comuna Zarnesti
3724520,2,1,BZ,Comuna Posta Cilnau
3724539,2,1,BZ,Comuna Racoviteni
3748457,f,,BT,Municipiul Botosani,3372882,13729380
3748490,2,1,BT,Comuna Vladeni
3748503,2,1,BT,Comuna Corni
3764142,2,1,VS,Comuna Bogdanita
3792096,f,,BT,Municipiul Botosani,3372882,13729380
3792118,a,,BT,Municipiul Botosani,13729380
3796691,2,1,CL,Comuna Ulmeni
3796705,2,1,CL,Comuna Gurbanesti
3796713,2,1,CL,Comuna Dichiseni
3796730,2,1,CL,Comuna Dor Marunt
3796756,2,1,CL,Comuna Jegalia
3796764,2,1,CL,Comuna Lupsanu
3796772,2,1,CL,Comuna Unirea
3796780,2,1,CL,Comuna Ciocanesti
3796799,2,1,CL,Comuna Chiselet
3796802,2,1,CL,Comuna Cascioarele
3796810,2,1,CL,Comuna Luica
3796829,2,1,CL,Comuna Vlad Tepes
3796837,2,1,CL,Comuna Valcelele
3796845,2,1,CL,Comuna Radovanu
3796853,2,1,CL,Comuna Minastirea
3796861,2,1,CL,Comuna Ulmu
3796870,2,1,CL,Comuna Stefan cel Mare
3796888,2,1,CL,Comuna Perisoru
3796896,2,1,CL,Comuna Cuza Voda
3796900,2,1,CL,Comuna Plataresti
3796918,2,1,CL,Comuna Vasilati
3796926,2,1,CL,Comuna Curcani
3796934,2,1,CL,Comuna Soldanu
3796942,2,1,CL,Comuna Fundeni
3796950,2,1,CL,Comuna Ileana
3796969,2,1,CL,Comuna Frumusani
3797042,f,,CL,Municipiul Oltenita,13729380,4294103
3797107,f,,CL,Municipiul Calarasi,13729380,4445370
3797131,7,1,CL,Orasul Fundulea
3797204,f,,CL,Municipiul Calarasi,13729380,4445370
3797247,f,,CL,Municipiul Calarasi,4445370,13729380
3797263,d,,CL,Comuna Sarulesti,3966400,13729380
3797280,a,,CL,Municipiul Oltenita,13729380
3797310,f,,CL,Municipiul Calarasi,4445370,13729380
3797387,g,,CL,Municipiul Calarasi,13729380
3797395,a,,CL,Municipiul Calarasi,13729380
38122811,d,,GJ,Comuna Plopsoru,13729380,4718969
3814712,2,1,GL,Comuna Gohor
3814747,2,1,GL,Comuna Movileni
3814810,5,1,GL,Municipiul Galati
38163145,f,,BH,Municipiul Oradea,4244997,13729380
38181028,d,,BT,Comuna Albesti,3373519,13729380
38241162,f,,SB,Orasul Dumbraveni,4240740,13729380
3825860,f,,MM,Municipiul Baia Mare,13729380,3627692
3825916,f,,MM,Municipiul Sighetu Marmatiei,3695174,13729380
3839156,7,1,TL,Orasul Macin
3860271,f,,BT,Municipiul Botosani,3372882,13729380
3860280,f,,BT,Municipiul Botosani,3372882,13729380
3860336,f,,BT,Municipiul Botosani,3372882,13729380
3860379,f,,BT,Municipiul Dorohoi,13729380,4112945
3860395,d,,BT,Municipiul Dorohoi,13729380,4112945
3860425,f,,BT,Municipiul Dorohoi,4112945,13729380
3878767,2,1,GL,Comuna Nicoresti
3878775,2,1,GL,Comuna Buciumeni
38918422,4,,B,Sectorul 1 al Municipiului Bucuresti
3896534,2,1,SM,Comuna Beltiug
3896569,2,1,SM,Comuna Turulung
3896577,2,1,SM,Comuna Vetis
3896593,q,,SM,Municipiul Satu Mare,4266456
3896615,2,1,SM,Comuna Botiz
3896623,2,1,SM,Comuna Bogdand
3896640,2,1,SM,Comuna Viile Satu Mare
3896682,f,,SM,Municipiul Satu Mare,4038806,13729380
3896704,2,1,SM,Comuna Piscolt
3896720,2,1,SM,Comuna Sacaseni
3896798,f,,SM,Municipiul Carei,13729380,4481160
3896801,f,,SM,Municipiul Carei,13729380,4481160
3896810,2,1,SM,Comuna Cehal
3896828,2,1,SM,Comuna Foieni
3896836,2,1,SM,Comuna Cauas
3896844,2,1,SM,Comuna Orasu Nou
3896852,7,1,SM,Orasul Livada
3896860,2,1,SM,Comuna Calinesti- Oas
3896879,2,1,SM,Comuna Camarzana
3896887,2,1,SM,Comuna Turt
3896895,2,1,SM,Comuna Vama
3896909,2,1,SM,Comuna Tirsolt
3896917,2,1,SM,Comuna Gherta Mica
3896950,2,1,SM,Comuna Valea Vinului
3896984,2,1,SM,Comuna Mediesu-Aurit
3897025,2,1,SM,Comuna Paulesti
3897041,2,1,SM,Comuna Culciu
3897076,2,1,SM,Comuna Andrid
3897084,2,1,SM,Comuna Berveni
3897092,2,1,SM,Comuna Moftin
3897106,2,1,SM,Comuna Craidorolt
3897114,2,1,SM,Comuna Supur
3897122,7,1,SM,Orasul Tasnad
3897130,2,1,SM,Comuna Santau
3897149,2,1,SM,Comuna Pir
3897157,2,1,SM,Comuna Halmeu
3897165,2,1,SM,Comuna Batarci
3897173,7,1,SM,Orasul Ardud
3897181,2,1,SM,Comuna Tarna Mare
3897289,2,1,SM,Comuna Barsau
3897297,2,1,SM,Comuna Micula
3897327,f,,SM,Municipiul Satu Mare,13729380,4038806
3897378,3,1,SM,Municipiul Satu Mare
3897386,2,1,SM,Comuna Acas
3897408,f,,SM,Municipiul Satu Mare,4038806,13729380
3897416,2,1,SM,Comuna Apa
3897424,2,1,SM,Comuna Odoreu
3897432,f,,SM,Municipiul Satu Mare,13729380,4038806
3897459,2,1,SM,Comuna Socond
3897475,f,,SM,Municipiul Satu Mare,4038806,13729380
3897483,a,,SM,Municipiul Satu Mare,13729380
3897530,p,,SM,Municipiul Satu Mare,3897378
3897548,f,,SM,Municipiul Satu Mare,4038806,13729380
3908191,f,,TL,Municipiul Tulcea,4321429,13729380
39384250,d,,AR,Comuna Misca,13729380,3519305
39392872,f,,CT,Municipiul Constanta,11424532
3952162,f,,GL,Municipiul Galati,13729380,3814810
3952200,f,,GL,Municipiul Galati,3814810,13729380
3952219,2,1,GL,Comuna Frumusita
3963536,2,1,SM,Comuna Crucisor
3963617,f,,SM,Municipiul Carei,13729380,4481160
3963625,2,1,SM,Comuna Capleni
3963641,2,1,SM,Comuna Tiream
3963650,2,1,SM,Comuna Petresti
3963676,2,1,SM,Comuna Urziceni
3963714,2,1,SM,Comuna Hodod
3963722,p,,SM,Municipiul Satu Mare,3897378
3963781,2,1,SM,Comuna Homoroade
3963803,2,1,SM,Comuna Terebesti
3963820,2,1,SM,Comuna Pomi
3963838,2,1,SM,Comuna Doba
3963854,f,,SM,Orasul Ardud,3897173,13729380
3963889,2,1,SM,Comuna Dorolt
3963919,2,1,SM,Comuna Sauca
3963943,f,,SM,Orasul Negresti-Oas,3963951,13729380
3963951,7,1,SM,Orasul Negresti-Oas
3963978,2,1,SM,Comuna Certeze
3963986,2,1,SM,Comuna Bixad
3966281,2,1,CL,Comuna Alexandru Odobescu
3966290,2,1,CL,Comuna Mitreni
3966303,2,1,CL,Comuna Chirnogi
3966320,f,,CL,Orasul Fundulea,13729380,3797131
3966338,2,1,CL,Comuna Nicolae Balcescu
3966346,2,1,CL,Comuna Tamadau Mare
3966354,2,1,CL,Comuna Modelu
3966370,2,1,CL,Comuna Independenta
3966389,2,1,CL,Comuna Borcea
3966397,2,1,CL,Comuna Frasinet
3966400,2,1,CL,Comuna Sarulesti
3966419,2,1,CL,Comuna Belciugatele
39759180,f,,TM,Municipiul Timisoara,13729380,14756536
39759384,v,,IF,Orasul Voluntari,4283481
4013364,f,,BT,Comuna Sendriceni,3571575,13729380
4026666,f,,TL,Municipiul Tulcea,4321429,13729380
4026712,p,,TL,Municipiul Tulcea,4321607
4038636,p,,SM,Municipiul Carei,4481160
4038806,5,1,SM,Municipiul Satu Mare
4040156,f,,GL,Municipiul Tecuci,13729380,4269312
4040172,2,1,GL,Comuna Independenta
4055700,2,1,BZ,Comuna Calvini
4055718,2,1,BZ,Comuna Siriu
4055726,2,1,BZ,Comuna Sahateni
4055734,2,1,BZ,Comuna Tisau
4055785,2,1,BZ,Comuna Catina
4055807,7,1,BZ,Orasul Nehoiu
4055823,2,1,BZ,Comuna Cozieni
4055831,2,1,BZ,Comuna Magura
4055840,2,1,BZ,Comuna Breaza
4055858,2,1,BZ,Comuna Ulmeni
4055866,7,1,BZ,Orasul Patirlagele
4068718,p,,GL,Municipiul Galati,3127476
4074140,2,1,SM,Comuna Lazuri
4088170,f,,BZ,Orasul Pogoanele,13729380,3607644
4088197,2,1,BZ,Comuna Vernesti
4088200,2,1,BZ,Comuna Mihailesti
4088219,2,1,BZ,Comuna Glodeanu-Silistea
4088227,2,1,BZ,Comuna Tintesti
4089095,2,1,GL,Comuna Certesti
4089109,f,,GL,Municipiul Tecuci,13729380,4269312
4112945,5,1,BT,Municipiul Dorohoi
4121927,5,1,AG,Municipiul Curtea de Arges
4121935,f,,AG,Orasul Mioveni,13729380,4318199
4121943,2,1,AG,Comuna Ciofringeni
4121951,2,1,AG,Comuna Tigveni
4121960,2,1,AG,Comuna Cicanesti
4121978,2,1,AG,Comuna Albestii de Arges
4121986,2,1,AG,Comuna Valea Iasului
4122027,2,1,AG,Comuna Salatrucu
4122035,2,1,AG,Comuna Valea Danului
4122043,2,1,AG,Comuna Cepari
4122051,2,1,AG,Comuna Corbeni
4122060,2,1,AG,Comuna Merisani
4122078,2,1,AG,Comuna Bascov
4122086,2,1,AG,Comuna Malureni
4122094,2,1,AG,Comuna Ciomagesti
4122108,2,1,AG,Comuna Cuca
4122124,2,1,AG,Comuna Balilesti
4122132,2,1,AG,Comuna Vladesti
4122140,2,1,AG,Comuna Berevoesti
4122159,2,1,AG,Comuna Albota
4122205,p,,AG,Municipiul Pitesti,4229512
4122264,f,,AG,Municipiul Pitesti,13729380,4317967
4122272,f,,AG,Municipiul Pitesti,4317967,13729380
4122329,f,,AG,Municipiul Pitesti,13729380,4317967
4122361,5,1,AG,Municipiul Campulung
4122388,2,1,AG,Comuna Harsesti
4122396,2,1,AG,Comuna Birla
4122400,2,1,AG,Comuna Lunca Corbului
4122418,2,1,AG,Comuna Poiana Lacului
4122434,2,1,AG,Comuna Cetateni
4122442,2,1,AG,Comuna Dragoslavele
4122450,2,1,AG,Comuna Rucar
4122469,2,1,AG,Comuna Schitu Golesti
4122477,2,1,AG,Comuna Albestii de Muscel
4122493,2,1,AG,Comuna Bughea de Jos
4122507,2,1,AG,Comuna Mioarele
4122515,2,1,AG,Comuna Poienarii de Muscel
4122523,2,1,AG,Comuna Godeni
4122531,2,1,AG,Comuna Davidesti
4122540,2,1,AG,Comuna Mihaesti
4122558,2,1,AG,Comuna Stilpeni
4122566,2,1,AG,Comuna Hartiesti
4122574,7,1,AG,Orasul Stefanesti
4122582,2,1,AG,Comuna Maracineni
4133000,2,1,CL,Comuna Stefan Voda
4134480,f,,SM,Orasul Livada,3896852,13729380
41433222,1,,B,Sectorul 1 al Municipiului Bucuresti,4266456
4145446,i,,NT,Comuna Stefan Cel Mare,13729380,2612839
4150000,2,1,GL,Comuna Smirdan
4154266,2,1,BZ,Comuna Sageata
4154282,f,,BZ,Municipiul Buzau,4233874,13729380
4154312,2,1,BZ,Comuna Maracineni
4154320,2,1,BZ,Comuna Panatau
4154339,2,1,BZ,Comuna Bozioru
4154347,2,1,BZ,Comuna Viperesti
4154355,2,1,BZ,Comuna Colti
4154363,2,1,BZ,Comuna Naieni
4154371,2,1,BZ,Comuna Pietroasele
4154380,2,1,BZ,Comuna Smeeni
4159026,q,,BC,Municipiul Bacau,4266456
4165699,f,,TL,Orasul Macin,3839156,13729380
4183164,p,,B,Sectorul 4 al Municipiului Bucuresti,4266456
4183199,h,,B,Sectorul 6,13729380
4183261,b,,B,Sectorul 6 al Municipiului Bucuresti,11424532
4192472,h,,B,Sectorul 1 al Municipiului Bucuresti
4192537,p,,B,Sectorul 1 al Municipiului Bucuresti,4192472
4192545,3,1,IF,Ilfov
4192685,f,,B,Sectorul 1 al Municipiului Bucuresti,13729380,4505359
4192731,f,,B,Sectorul 1 al Municipiului Bucuresti,4505359,13729380
4192812,4,,B,Sectorul 3 al Municipiului Bucuresti
4192910,h,,B,Sectorul 2 al Municipiului Bucuresti,13729380
4192936,r,,B,Sectorul 3 al Municipiului Bucuresti,4265841
4201732,f,,CV,Municipiul Targu Secuiesc,13729380,4201813
4201740,2,1,CV,Comuna Moacsa
4201783,2,1,CV,Comuna Catalina
4201791,f,,CV,Municipiul Sfantu Gheorghe,13729380,4404605
4201813,5,1,CV,Municipiul Targu Secuiesc
4201821,2,1,CV,Comuna Sanzieni
4201848,2,1,CV,Comuna Zabala
4201864,2,1,CV,Comuna Bretcu
4201872,d,,CV,Municipiul Sfantu Gheorghe,13729380,4404605
4201899,2,1,CV,Comuna Chichis
4201910,2,1,CV,Comuna Ozun
4201929,2,1,CV,Comuna Aita Mare
4201937,2,1,CV,Comuna Comandau
4201945,2,1,CV,Comuna Ghelinta
4201953,2,1,CV,Comuna Poian
4201970,2,1,CV,Comuna Borosneu Mare
4201988,3,1,CV,Municipiul Sfantu Gheorghe
4202010,p,,CV,Municipiul Sfantul Gheorghe,4201988
4202037,f,,CV,Municipiul Sfantu Gheorghe,4404605,13729380
4202053,f,,CV,Orasul Covasna,4404613,13729380
4202100,f,,CV,Municipiul Targu Secuiesc,4201813,13729380
4202150,f,,CV,Orasul Intorsura Buzaului,4404370,13729380
4202177,2,1,CV,Comuna Batani
4202193,f,,CV,Municipiul Sfantu Gheorghe,4404605,13729380
4202207,2,1,CV,Comuna Valea-Crisului
4203628,e,,B,Sectorul 2 al Municipiului Bucuresti,4266456
4203636,f,,B,Sectorul 2 al Municipiului Bucuresti,4204038,13729380
4203709,e,,B,Sectorul 2 al Municipiului Bucuresti,4266456
4203725,f,,B,Sectorul 2 al Municipiului Bucuresti,4204038,13729380
4203881,p,,B,Sectorul 2 al Municipiului Bucuresti,4266456
4203920,f,,B,Sectorul 2 al Municipiului Bucuresti,4204038,13729380
4203946,f,,B,Sectorul 2 al Municipiului Bucuresti,4204038,13729380
4203997,b,,B,Sectorul 2 al Municipiului Bucuresti,4267095
4204003,e,,B,Sectorul 2 al Municipiului Bucuresti,4266456
4204038,6,1,B,Sectorul 2 al Municipiului Bucuresti
4204291,11,,B,Sectorul 3 al Municipiului Bucuresti
4204348,f,,B,Sectorul 6 al Municipiului Bucuresti,4340730,13729380
4205440,f,,BR,Municipiul Braila,4205670,13729380
4205475,f,,BR,Municipiul Braila,13729380,4205670
4205491,3,1,BR,Municipiul Braila
4205505,f,,BR,Municipiul Braila,13729380,4205670
4205521,f,,BR,Municipiul Braila,4205670,13729380
4205564,f,,BR,Municipiul Braila,4205670,13729380
4205670,5,1,BR,Municipiul Braila
4205696,f,,BR,Municipiul Braila,4205670,13729380
4205718,a,,BR,Municipiul Braila,13729380
4205777,f,,BR,Municipiul Braila,4205670,13729380
4205807,f,,BR,Municipiul Braila,13729380,4205670
4206918,2,1,DB,Comuna Vulcana Bai
4207026,2,1,DB,Comuna Gura Foii
4207034,2,1,DB,Comuna Dragodana
4207123,q,,DB,Municipiul Targoviste,4266456
4208480,f,,BH,Municipiul Oradea,4230487,13729380
4208498,p,,BH,Municipiul Oradea,4230487
4208552,r,,BH,Municipiul Oradea,13633330
4208617,f,,BH,Municipiul Oradea,4230487,13729380
4210781,f,,CT,Municipiul Constanta,13729380,4785631
4210790,r,,CT,Municipiul Constanta,13633330
4220947,4,,B,Sectorul 5
4221071,e,,B,Sectorul 6 al Municipiului Bucuresti,4192472
4221136,2,1,IF,Comuna Domnesti
4221187,4,,B,Sectorul 3 al Municipiului Bucuresti
4221268,a,,B,Sectorul 4 al Municipiului Bucuresti,13729380
4221306,4,,B,Sectorul 5 al Municipiului Bucuresti
4222239,p,,MH,Municipiul Drobeta Turnu Severin,4337344
4226478,2,1,VS,Comuna Valeni
4226494,2,1,VS,Comuna Dragomiresti
42283735,1,,B,Sectorul 5 al Municipiului Bucuresti,24931499,4283422
4229512,3,1,AG,Municipiul Pitesti
4229725,7,1,AG,Orasul Topoloveni
4230398,q,,BH,Municipiul Oradea,4266456
4230487,5,1,BH,Municipiul Oradea
4230509,f,,BH,Municipiul Beius,4794567,13729380
4231636,2,1,IL,Comuna Andrasesti
4231660,2,1,IL,Comuna Reviga
4231695,2,1,IL,Comuna Ciocarlia
4231768,p,,IL,Municipiul Slobozia,4231776
4231776,3,1,IL,Municipiul Slobozia
4231830,2,1,IL,Comuna Ciochina
4231849,2,1,IL,Comuna Perieti
4231857,2,1,IL,Comuna Grindu
4231865,2,1,IL,Comuna Suditi
4231873,2,1,IL,Comuna Munteni-Buzau
4231903,2,1,IL,Comuna Ciulnita
4231938,2,1,IL,Comuna Axintele
4231954,2,1,IL,Comuna Cosambesti
4232135,q,,IL,Municipiul Slobozia,4266456
42330691,f,,CJ,Comuna Floresti,4485391,13729380
4233807,f,,BZ,Municipiul Buzau,4233874,13729380
4233874,5,1,BZ,Municipiul Buzau
4233939,f,,BZ,Municipiul Buzau,13729380,4233874
4233998,f,,BZ,Municipiul Buzau,4233874,13729380
4234004,2,1,BZ,Comuna Scutelnici
4234020,f,,BZ,Municipiul Buzau,4233874,13729380
4234039,2,1,BZ,Comuna Movila Banului
4234047,2,1,BZ,Comuna Amaru
4234055,f,,BZ,Municipiul Buzau,4233874,13729380
4234098,2,1,BZ,Comuna Gheraseni
4234101,f,,BZ,Municipiul Buzau,4233874,13729380
4240677,5,1,SB,Municipiul Medias
4240715,f,,SB,Municipiul Sibiu,4270740,13729380
4240723,2,1,SB,Comuna Cristian
4240740,7,1,SB,Orasul Dumbraveni
4240804,f,,SB,Municipiul Sibiu,4270740,13729380
4240880,2,1,SB,Comuna Bradeni
4240901,d,,SB,Orasul Ocna Sibiului,4480149,13729380
4240944,2,1,SB,Comuna Biertan
4240952,2,1,SB,Comuna Orlat
4240960,2,1,SB,Comuna Gura Raului
4240979,2,1,SB,Comuna Loamnes
4241036,f,,SB,Municipiul Sibiu,4270740,13729380
4241044,a,,SB,Municipiul Sibiu,13729380
4241052,2,1,SB,Comuna Seica Mare
4241087,7,1,SB,Orasul Avrig
4241109,2,1,SB,Comuna Sura Mica
4241117,b,,SB,Municipiul Sibiu,11424532
4241133,f,,SB,Orasul Agnita,4270716,13729380
4241150,2,1,SB,Comuna Racovita
4241168,2,1,SB,Comuna Blajel
4241184,2,1,SB,Comuna Sura Mare
4241192,f,,SB,Municipiul Sibiu,13729380,4270740
4241206,2,1,SB,Comuna Pauca
4241222,2,1,SB,Comuna Sadu
4241230,2,1,SB,Comuna Hoghilag
4241249,2,1,SB,Comuna Cirta
4243908,f,,SV,Municipiul Suceava,13729380,4244792
4244067,f,,SV,Municipiul Suceava,13729380,4244792
4244113,f,,SV,Municipiul Radauti,4244148,13729380
4244121,f,,SV,Municipiul Radauti,13729380,4244148
4244148,5,1,SV,Municipiul Radauti
4244156,2,1,SV,Comuna Bosanci
4244172,2,1,SV,Comuna Ipotesti
4244180,7,1,SV,Orasul Salcea
4244202,2,1,SV,Comuna Zvoristea
4244210,2,1,SV,Comuna Dumbraveni
4244229,7,1,SV,Orasul Liteni
4244270,2,1,SV,Comuna Botosana
4244288,2,1,SV,Comuna Stroiesti
4244300,2,1,SV,Comuna Darmanesti
4244318,2,1,SV,Comuna Patrauti
4244334,2,1,SV,Comuna Horodnic de Jos
4244342,2,1,SV,Comuna Fratautii Vechi
4244423,h,,SV,Municipiul Suceava,13729380
4244512,3,1,SV,Municipiul Suceava
4244571,f,,SV,Municipiul Suceava,13729380,4244792
4244601,f,,SV,Municipiul Suceava,4244792,13729380
4244792,5,1,SV,Municipiul Suceava
4244822,f,,SV,Municipiul Suceava,13729380,4244792
4244911,d,,SV,Municipiul Suceava,13729380,4244792
4244920,q,,SV,Municipiul Suceava,4266456
4244954,f,,SV,Municipiul Suceava,4244792,13729380
4244997,3,1,BH,Municipiul Oradea
4245011,f,,BH,Municipiul Marghita,4348947,13729380
4245070,5,1,HR,Municipiul Gheorgheni
4245097,f,,HR,Municipiul Gheorgheni,4245070,13729380
4245100,f,,HR,Municipiul Gheorgheni,4245070,13729380
4245119,f,,HR,Municipiul Gheorgheni,13729380,4245070
4245178,5,1,HR,Municipiul Toplita
4245224,7,1,HR,Orasul Vlahita
4245259,p,,HR,Municipiul Odorheiu Secuiesc,4367558
4245267,f,,HR,Municipiul Odorheiu Secuiesc,4367558,13729380
4245291,q,,HR,Municipiul Miercurea Ciuc,4266456
4245305,p,,HR,Municipiul Miercurea Ciuc,4245763
4245348,7,1,HR,Orasul Baile Tusnad
4245356,d,,HR,Orasul Baile Tusnad,4245348,13729380
4245364,f,,HR,Orasul Balan,13729380,4367612
4245380,7,1,HR,Orasul Borsec
4245437,f,,HR,Orasul Cristuru Secuiesc,13729380,4367647
4245453,f,,HR,Municipiul Miercurea Ciuc,4245747,13729380
4245496,f,,HR,Municipiul Miercurea Ciuc,4245747,13729380
4245658,f,,HR,Municipiul Miercurea Ciuc,4245747,13729380
4245747,5,1,HR,Municipiul Miercurea Ciuc
4245763,3,1,HR,Municipiul Miercurea Ciuc
4245836,a,,HR,Municipiul Miercurea Ciuc,13729380
4245879,2,1,HR,Comuna Sandominic
4245887,2,1,HR,Comuna Sanmartin
4245895,f,,HR,Comuna Sinmartin,13729380,4245887
4245909,2,1,HR,Comuna Sansimion
4245917,d,,HR,Comuna Simonesti,4367710,13729380
4245925,d,,HR,Comuna Tulghes,4245933,13729380
4245933,2,1,HR,Comuna Tulghes
4245941,2,1,HR,Comuna Tusnad
4245976,f,,HR,Municipiul Miercurea Ciuc,4245747,13729380
4245984,f,,HR,Municipiul Miercurea Ciuc,4245747,13729380
4245992,f,,HR,Municipiul Miercurea Ciuc,4245747,13729380
4246017,f,,HR,Municipiul Miercurea Ciuc,4245747,13729380
4246076,d,,HR,Comuna Atid,4367884,13729380
4246084,2,1,HR,Comuna Corund
4246092,2,1,HR,Comuna Bilbor
4246114,2,1,HR,Comuna Ciucsangeorgiu
4246122,2,1,HR,Comuna Carta
4246130,f,,HR,Comuna Corund,4246084,13729380
4246149,f,,HR,Comuna Danesti,4246157,13729380
4246157,2,1,HR,Comuna Danesti
4246165,f,,HR,Comuna Ditrau,4367957,13729380
4246173,2,1,HR,Comuna Frumoasa
4246190,d,,HR,Comuna Frumoasa,13729380,4246173
4246203,f,,HR,Comuna Joseni,4367990,13729380
4246220,2,1,HR,Comuna Lunca de Sus
4246238,2,1,HR,Comuna Martinis
4246246,2,1,HR,Comuna Meresti
4246254,2,1,HR,Comuna Mihaileni
4246262,2,1,HR,Comuna Pauleni-Ciuc
4246270,2,1,HR,Comuna Siculeni
4246289,d,,HR,Comuna Sancraieni,4246297,13729380
4246297,2,1,HR,Comuna Sancraieni
4250670,h,,TM,Municipiul Timisoara,13729380
4250808,a,,TM,Municipiul Timisoara,13729380
4250859,f,,TM,Municipiul Timisoara,13729380,14756536
4250948,f,,TM,Municipiul Timisoara,14756536,13729380
4253650,p,,TR,Municipiul Alexandria,4652686
4253731,5,1,TR,Municipiul Turnu Magurele
4253774,2,1,TR,Comuna Viisoara
4265841,4,,B,Sectorul 5 al Municipiului Bucuresti
4266006,e,,B,Sectorul 3 al Municipiului Bucuresti,4266456
4266049,p,,B,Sectorul 3 al Municipiului Bucuresti,4267117
4266286,f,,B,Sectorul 2 al Municipiului Bucuresti,4204038,13729380
4266294,f,,B,Sectorul 2 al Municipiului Bucuresti,13729380,4204038
4266308,e,,B,Sectorul 2 al Municipiului Bucuresti,4266456
4266332,f,,B,Sectorul 2 al Municipiului Bucuresti,4204038,13729380
4266456,4,,B,Sectorul 1 al Municipiului Bucuresti
4266472,h,,B,Sectorul 1 al Municipiului Bucuresti,4267095
4266570,h,,B,Sectorul 2 al Municipiului Bucuresti,13729380
4266669,4,,B,Sectorul 1 al Municipiului Bucuresti
4266715,f,,B,Sectorul 1 al Municipiului Bucuresti,4505359,13729380
4267044,1,,B,Sectorul 1 al Municipiului Bucuresti,4266456
4267052,h,,B,Sectorul 5 al Municipiului Bucuresti,11424532
4267095,4,,B,Sectorul 5 al Municipiului Bucuresti
4267117,5,1,B,Sectorul 5 al Municipiului Bucuresti
4267176,e,,B,Sectorul 6 al Municipiului Bucuresti,4192472
4267192,h,,B,Sectorul 6 al Municipiului Bucuresti,13729380
4267230,t,,B,Sectorul 6 al Municipiului Bucuresti
4267257,r,,B,Sectorul 6 al Municipiului Bucuresti,13633330
4267303,f,,B,Sectorul 6 al Municipiului Bucuresti,13729380,4340730
4267311,f,,B,Sectorul 6 al Municipiului Bucuresti,4340730,13729380
4269215,h,,TM,Municipiul Timisoara,13729380
4269223,2,1,TM,Comuna Birna
4269258,f,,TM,Municipiul Lugoj,4527381,13729380
4269266,f,,TM,Municipiul Lugoj,4527381,13729380
4269282,h,,TM,Municipiul Timisoara,13729380
4269290,2,1,TM,Comuna Racovita
4269312,5,1,GL,Municipiul Tecuci
4270708,2,1,SB,Comuna Arpasu de Jos
4270716,7,1,SB,Orasul Agnita
4270732,7,1,SB,Orasul Talmaciu
4270740,5,1,SB,Municipiul Sibiu
4271070,f,,CT,Municipiul Constanta,4785631,13729380
4277854,2,1,BC,Comuna Tirgu Trotus
4277862,2,1,BC,Comuna Pirgaresti
4277870,2,1,BC,Comuna Ghimes-Faget
4277889,f,,BC,Orasul Comanesti,13729380,4353269
4277919,f,,BC,Municipiul Onesti,4353250,13729380
4277935,2,1,BC,Comuna Zemes
4277943,2,1,BC,Comuna Asau
4277951,2,1,BC,Comuna Valea Seaca
4277994,2,1,BC,Comuna Birsanesti
4278000,f,,BC,Municipiul Moinesti,13729380,4591490
4278019,2,1,BC,Comuna Palanca
4278027,2,1,BC,Comuna Balcani
4278086,2,1,BC,Comuna Strugari
4278094,h,,BC,Municipiul Bacau,13729380
4278108,2,1,BC,Comuna Gura Vaii
4278116,2,1,BC,Dofteana
4278132,2,1,BC,Comuna Livezi
4278183,2,1,BC,Comuna Poduri
4278205,f,,BC,Municipiul Onesti,13729380,4353250
4278213,p,,BC,Municipiul Bacau,4278337
4278299,2,1,BC,Comuna Sanduleni
4278310,f,,BC,Municipiul Bacau,13729380,4278337
4278337,5,1,BC,Municipiul Bacau
4278345,2,1,BC,Comuna Stefan cel Mare
4278396,2,1,BC,Comuna Corbasca
4278418,f,,BC,Municipiul Bacau,13729380,4278337
4278442,7,1,BC,Orasul Slanic Moldova
4278540,f,,BC,Municipiul Bacau,13729380,4278337
4278558,f,,BC,Municipiul Bacau,13729380,4278337
4278620,7,1,BC,Orasul Targu Ocna
4278655,f,,BC,Comuna Podu Turcului,4535880,13729380
4278671,f,,BC,Municipiul Bacau,13729380,4278337
4278701,f,,BC,Municipiul Onesti,13729380,4353250
4278710,p,,BC,Municipiul Moinesti,4591490
4279685,h,,DB,Municipiul Targoviste,13729380
4279723,f,,DB,Municipiul Targoviste,13729380,4279944
4279740,f,,DB,Municipiul Targoviste,13729380,4279944
4279774,7,1,DB,Orasul Gaesti
4279871,f,,DB,Municipiul Targoviste,13729380,4279944
4279901,f,,DB,Municipiul Targoviste,4279944,13729380
4279910,f,,DB,Municipiul Targoviste,13729380,4279944
4279944,5,1,DB,Municipiul Targoviste
4280019,f,,DB,Comuna Tartasesti,4280426,13729380
4280035,f,,DB,Municipiul Targoviste,13729380,4279944
4280043,2,1,DB,Comuna Bilciuresti
4280060,2,1,DB,Comuna Baleni
4280086,2,1,DB,Comuna Cojasca
4280094,i,,DB,Municipiul Targoviste,4279944,13729380
4280116,2,1,DB,Comuna Moroeni
4280124,2,1,DB,Comuna Dobra
4280132,2,1,DB,Comuna Crevedia
4280140,2,1,DB,Comuna Comisani
4280183,f,,DB,Orasul Pucioasa,13729380,4280302
4280191,2,1,DB,Comuna Bezdead
4280205,3,1,DB,Municipiul Targoviste
4280256,2,1,DB,Comuna Potlogi
4280264,2,1,DB,Comuna Valea Mare
4280272,2,1,DB,Comuna Hulubesti
4280280,2,1,DB,Comuna Poiana
4280299,2,1,DB,Comuna Cornatelu
4280302,7,1,DB,Orasul Pucioasa
4280310,7,1,DB,Orasul Fieni
4280329,2,1,DB,Comuna Contesti
4280345,2,1,DB,Comuna Nucet
4280353,2,1,DB,Comuna Lucieni
4280370,f,,DB,Orasul Fieni,4280310,13729380
4280388,f,,DB,Municipiul Moreni,4344597,13729380
4280396,f,,DB,Comuna Nucet,4280345,13729380
4280400,f,,DB,Comuna Baleni,4280060,13729380
4280426,2,1,DB,Comuna Tartasesti
4280434,2,1,DB,Comuna Niculesti
4280450,2,1,DB,Comuna Uliesti
4283325,o,,B,Sectorul 1 al Municipiului Bucuresti,4192472
4283333,e,,B,Sectorul 1 al Municipiului Bucuresti,4266456
4283422,11,,B,Sectorul 1 al Municipiului Bucuresti
4283465,f,,B,Sectorul 6 al Municipiului Bucuresti,13729380,4340730
4283481,7,1,IF,Orasul Voluntari
4283503,2,1,IF,Comuna Dobroesti
4283538,p,,B,Sectorul 5 al Municipiului Bucuresti,4267117
4283570,p,,B,Sectorul 5 al Municipiului Bucuresti,4266456
4283635,11,,B,Sectorul 6 al Municipiului Bucuresti
4283694,f,,B,Sectorul 6 al Municipiului Bucuresti,13729380,4340730
4283759,p,,B,Sectorul 2 al Municipiului Bucuresti,4267117
4283767,r,,B,Sectorul 2 al Municipiului Bucuresti,4267095
4283805,f,,B,Sectorul 2 al Municipiului Bucuresti,4204038,13729380
4283880,e,,B,Sectorul 2 al Municipiului Bucuresti,4266456
4283996,h,,B,Sectorul 1 al Municipiului Bucuresti,13729380
4284134,p,,B,Sectorul 1 al Municipiului Bucuresti,4266456
4286429,2,1,OT,Comuna Morunglav
4286437,7,1,OT,Orasul Bals
4286496,2,1,OT,Comuna Baldovinesti
4286550,2,1,OT,Comuna Redea
4287939,h,,BH,Municipiul Oradea,13729380
4288047,h,,CJ,Municipiul Cluj-Napoca,13729380
4288055,2,1,CJ,Comuna Taga
4288080,p,,CJ,Municipiul Cluj-Napoca,4266456
4288098,h,,CJ,Municipiul Cluj-Napoca,13729380
4288110,3,1,CJ,Municipiul Cluj-Napoca
4288217,2,1,CJ,Comuna Caianu
4288241,2,1,CJ,Comuna Iclod
4288250,2,1,CJ,Comuna Mintiu Gherlii
4288306,h,,CJ,Municipiul Cluj-Napoca,13729380
4288381,h,,CJ,Municipiul Cluj-Napoca,13729380
4291522,f,,SJ,Orasul Simleul Silvaniei,4566658,13729380
4291549,2,1,SJ,Comuna Agrij
4291557,2,1,SJ,Comuna Romanasi
4291565,2,1,SJ,Comuna Criseni
4291573,2,1,SJ,Comuna Dobrin
4291581,2,1,SJ,Comuna Hereclean
4291590,2,1,SJ,Comuna Coseiu
4291603,2,1,SJ,Comuna Mirsid
4291611,2,1,SJ,Comuna Buciumi
4291620,2,1,SJ,Comuna Surduc
4291638,2,1,SJ,Comuna Cristolt
4291646,2,1,SJ,Comuna Creaca
4291654,2,1,SJ,Comuna Garbou
4291662,2,1,SJ,Comuna Somes Odorhei
4291670,2,1,SJ,Comuna Benesat
4291689,2,1,SJ,Comuna Balan
4291697,2,1,SJ,Comuna Ip
4291719,p,,SJ,Municipiul Zalau,4494764
4291786,5,1,SJ,Municipiul Zalau
4291832,f,,SJ,Orasul Cehu Silvaniei,4291859,13729380
4291859,7,1,SJ,Orasul Cehu Silvaniei
4291883,2,1,SJ,Comuna Salatig
4291905,f,,SJ,Orasul Simleul Silvaniei,13729380,4566658
4291921,2,1,SJ,Comuna Nusfalau
4291930,2,1,SJ,Comuna Valcau de Jos
4291948,2,1,SJ,Comuna Marca
4291956,2,1,SJ,Comuna Plopis
4291964,2,1,SJ,Comuna Halmasd
4291972,2,1,SJ,Comuna Sarmasag
4291980,2,1,SJ,Comuna Chiesd
4291999,2,1,SJ,Comuna Samsud
4292005,2,1,SJ,Comuna Bocsa
4292013,2,1,SJ,Comuna Bobota
4292021,2,1,SJ,Comuna Carastelec
4292030,2,1,SJ,Comuna Maeriste
4293957,2,1,CL,Comuna Spantov
4294014,2,1,CL,Comuna Dorobantu
4294030,3,1,CL,Municipiul Calarasi
4294049,p,,CL,Municipiul Calarasi,4294030
4294103,5,1,CL,Municipiul Oltenita
4294146,2,1,CL,Comuna Roseti
4294154,7,1,CL,Orasul Budesti
4294162,f,,CL,Municipiul Calarasi,13729380,4445370
4297592,2,1,VN,Comuna Milcovul
4297649,2,1,VN,Comuna Vidra
4297657,2,1,VN,Comuna Bordesti
4297665,2,1,VN,Comuna Dumbraveni
4297690,2,1,VN,Comuna Dumitresti
4297703,2,1,VN,Comuna Tulnici
4297720,2,1,VN,Comuna Tamboiesti
4297746,2,1,VN,Comuna Ruginesti
4297754,2,1,VN,Comuna Bolotesti
4297770,2,1,VN,Comuna Maicanesti
4297789,2,1,VN,Comuna Tanasoaia
4297797,2,1,VN,Comuna Valea Sarii
4297800,2,1,VN,Comuna Gugesti
4297819,f,,VN,Municipiul Focsani,4350645,13729380
4297827,7,1,VN,Orasul Odobesti
4297835,f,,VN,Municipiul Focsani,13729380,4350645
4297843,2,1,VN,Comuna Slobozia Ciorasti
4297851,f,,VN,Municipiul Focsani,4350645,13729380
4297860,2,1,VN,Comuna Tataranu
4297878,2,1,VN,Comuna Boghesti
4297886,2,1,VN,Comuna Vintileasca
4297894,f,,VN,Municipiul Focsani,13729380,4350645
4297959,2,1,VN,Comuna Paltin
4297967,2,1,VN,Comuna Golesti
4297975,2,1,VN,Comuna Vanatori
4297983,2,1,VN,Comuna Cimpineanca
4298016,2,1,VN,Comuna Jaristea
4298024,2,1,VN,Comuna Poiana Cristei
4298032,2,1,VN,Comuna Cotesti
4298059,2,1,VN,Comuna Vulturu
4298067,2,1,VN,Comuna Carligele
4298075,2,1,VN,Comuna Nereju
4298113,2,1,VN,Comuna Urechesti
4298121,2,1,VN,Comuna Corbita
4298130,2,1,VN,Comuna Vartescoiu
4298555,f,,GL,Municipiul Galati,13729380,3814810
4298571,2,1,GL,Comuna Baneasa
4299470,2,1,BZ,Comuna Padina
4299488,f,,BZ,Municipiul Buzau,4233874,13729380
4299607,f,,BZ,Municipiul Buzau,4233874,13729380
4299623,f,,BZ,Comuna Vernesti,4088197,13729380
4299666,f,,BZ,Municipiul Buzau,4233874,13729380
4299739,f,,BZ,Municipiul Buzau,4233874,13729380
4300515,f,,BH,Municipiul Oradea,4230487,13729380
4300540,7,1,CT,Orasul Techirghiol
4300566,f,,CT,Orasul Techirghiol,4300540,13729380
4300604,f,,CT,Municipiul Constanta,4785631,13729380
4300639,f,,CT,Municipiul Constanta,13729380,4785631
4300663,f,,CT,Comuna Poarta Alba,13729380,4515239
4300698,f,,CT,Municipiul Constanta,4785631,13729380
4300701,f,,CT,Orasul Harsova,13729380,7453165
4300710,f,,CT,Orasul Harsova,7453165,13729380
4300752,p,,CT,Municipiul Medgidia,4301456
4300779,f,,CT,Comuna Castelu,4515735,13729380
4300795,f,,CT,Municipiul Medgidia,4301456,13729380
4300817,p,,CT,Orasul Eforie,4266456
4300841,d,,CT,Municipiul Constanta,13729380,4785631
4300868,r,,CT,Orasul Techirghiol,4266456
4300876,f,,CT,Municipiul Medgidia,13729380,4301456
4300892,f,,CT,Orasul Cernavoda,4304568,13729380
4300930,f,,CT,Orasul Cernavoda,13729380,4304568
4300973,f,,CT,Municipiul Constanta,13729380,4785631
4301065,f,,CT,Municipiul Constanta,4785631,13729380
4301073,q,,CT,Municipiul Constanta,4266456
4301081,f,,CT,Municipiul Medgidia,13729380,4301456
4301103,p,,CT,Municipiul Constanta,2981739
4301146,f,,CT,Municipiul Mangalia,4515255,13729380
4301154,f,,CT,Municipiul Mangalia,13729380,4515255
43012467,a,,HD,Municipiul Petrosani,13729380
4301308,f,,CT,Municipiul Constanta,4785631,13729380
4301332,h,,CT,Municipiul Constanta,13729380
4301359,7,1,CT,Orasul Ovidiu
4301383,b,,CT,Municipiul Constanta,11424532
4301456,5,1,CT,Municipiul Medgidia
4301480,a,,CT,Municipiul Constanta,13729380
4304568,7,1,CT,Orasul Cernavoda
4304614,f,,CT,Comuna Cobadin,4515476,13729380
4304622,f,,CT,Municipiul Mangalia,4515255,13729380
4304649,y,,CT,Municipiul Mangalia,13729380,2981739
4304711,f,,CT,Municipiul Constanta,13729380,4785631
4305822,f,,CJ,Municipiul Cluj-Napoca,4305857,13729380
4305849,h,,CJ,Municipiul Cluj-Napoca,13729380
4305857,5,1,CJ,Municipiul Cluj-Napoca
4305873,q,,CJ,Municipiul Cluj-Napoca,4266456
4305903,f,,CJ,Municipiul Cluj-Napoca,4305857,13729380
4305920,f,,CJ,Municipiul Cluj-Napoca,4305857,13729380
4305954,f,,CJ,Municipiul Cluj-Napoca,13729380,4305857
4305989,f,,CJ,Municipiul Dej,4349179,13729380
4306933,2,1,SB,Comuna Tilisca
4306950,7,1,SB,Orasul Saliste
4306976,2,1,SB,Comuna Chirpar
4306984,f,,SB,Orasul Saliste,13729380,4306950
4307009,2,1,SB,Comuna Poiana Sibiului
4307025,f,,SB,Municipiul Sibiu,4270740,13729380
4307050,2,1,SB,Comuna Bazna
4307076,f,,SB,Comuna Tarnava,13729380,4406029
4307114,2,1,SB,Comuna Iacobeni
4307122,2,1,SB,Comuna Altina
4316040,f,,B,Sectorul 6 al Municipiului Bucuresti,13729380,4340730
4316058,f,,B,Sectorul 6 al Municipiului Bucuresti,4340730,13729380
4316074,f,,B,Sectorul 6 al Municipiului Bucuresti,4340730,13729380
4316139,f,,B,Sectorul 4 al Municipiului Bucuresti,4316422,13729380
4316180,e,,B,Sectorul 5 al Municipiului Bucuresti,4266456
4316210,e,,B,Sectorul 5 al Municipiului Bucuresti,4266456
4316295,p,,B,Sectorul 6 al Municipiului Bucuresti,4267117
4316317,i,,B,Sectorul 6 al Municipiului Bucuresti,4340730,13729380
4316350,f,,B,Sectorul 3 al Municipiului Bucuresti,4420465,13729380
4316422,6,1,B,Sectorul 4 al Municipiului Bucuresti
4316511,f,,B,Sectorul 4 al Municipiului Bucuresti,4316422,13729380
4316678,f,,B,Sectorul 1 al Municipiului Bucuresti,13729380,4505359
4317550,p,,BV,Municipiul Codlea,4777108
4317592,f,,BV,Municipiul Codlea,13729380,4777108
4317649,5,1,BV,Municipiul Sacele
4317665,p,,BV,Municipiul Sacele,4317649
4317754,h,,BV,Municipiul Brasov,13729380
4317908,f,,AG,Municipiul Pitesti,4317967,13729380
4317967,5,1,AG,Municipiul Pitesti
4318008,f,,AG,Municipiul Pitesti,4317967,13729380
4318016,b,,AG,Municipiul Pitesti,11424532
4318040,f,,AG,Municipiul Pitesti,13729380,4317967
4318075,p,,AG,Municipiul Pitesti,4229512
4318105,f,,AG,Municipiul Pitesti,4317967,13729380
4318199,7,1,AG,Orasul Mioveni
4318270,2,1,AG,Comuna Aninoasa
4318288,2,1,AG,Comuna Buzoesti
4318296,2,1,AG,Comuna Corbi
4318318,2,1,AG,Comuna Musatesti
4318326,2,1,AG,Comuna Bradulet
4318369,2,1,AG,Comuna Cocu
4318377,2,1,AG,Comuna Cotmeana
4318393,2,1,AG,Comuna Stefan cel Mare
4318423,2,1,AG,Comuna Leresti
4318431,2,1,AG,Comuna Boteni
4318474,2,1,AG,Comuna Micesti
4321372,f,,TL,Orasul Sulina,4321410,13729380
4321410,7,1,TL,Orasul Sulina
4321429,5,1,TL,Municipiul Tulcea
4321437,f,,TL,Municipiul Tulcea,13729380,4321429
4321607,3,1,TL,Municipiul Tulcea
4321631,q,,TL,Municipiul Tulcea,4266456
4322254,2,1,GL,Comuna Mastacani
4322262,2,1,GL,Comuna Priponesti
4322270,p,,GL,Municipiul Tecuci,3127476,4269312
4322386,p,,MS,Municipiul Tarnaveni,4322980
4322408,f,,MS,Municipiul Targu Mures,13729380,4322823
4322416,2,1,MS,Comuna Balauseri
4322459,2,1,MS,Comuna Fantanele
4322483,f,,MS,Municipiul Tirgu Mures,4322823,13729380
4322521,2,1,MS,Comuna Gornesti
4322718,2,1,MS,Comuna Sancraiu de Mures
4322734,2,1,MS,Comuna Glodeni
4322742,h,,MS,Municipiul Targu Mures,13729380
4322823,5,1,MS,Municipiul Targu Mures
4322904,q,,MS,Municipiul Tirgu Mures,4266456
4322939,f,,MS,Municipiul Targu Mures,4322823,13729380
4322971,7,1,MS,Orasul Miercurea Nirajului
4322980,3,1,MS,Municipiul Tirgu Mures
4323101,h,,MS,Municipiul Tirgu Mures,13729380
4323152,2,1,MS,Comuna Sangeorgiu de Mures
4323160,f,,MS,Municipiul Tirgu Mures,13729380,4322823
4323187,2,1,MS,Comuna Craciunesti
4323209,p,,MS,Municipiul Tirgu Mures,4266456
4323276,2,1,MS,Comuna Galesti
4323292,f,,MS,Municipiul Tarnaveni,13729380,4323535
4323306,f,,MS,Municipiul Tarnaveni,4323535,13729380
4323322,7,1,MS,Orasul Ungheni
4323349,2,1,MS,Comuna Sintana de Mures
4323357,2,1,MS,Comuna Cristesti
4323373,2,1,MS,Comuna Pasareni
4323403,p,,MS,Municipiul Sighisoara,5669309
4323411,f,,MS,Orasul Sangeorgiu de Padure,4375895,13729380
4323446,f,,MS,Municipiul Targu Mures,4322823,13729380
4323462,2,1,MS,Comuna Ernei
4323470,2,1,MS,Comuna Band
4323489,2,1,MS,Comuna Ogra
4323497,2,1,MS,Comuna Sanpaul
4323535,5,1,MS,Municipiul Tarnaveni
4323551,2,1,MS,Comuna Voivodeni
4323560,f,,MS,Municipiul Tirgu Mures,4322823,13729380
4323578,2,1,MS,Comuna Acatari
4323586,2,1,MS,Comuna Ceuasu de Campie
4326647,f,,SV,Orasul Vicovu de Sus,4244512,13729380
4326671,2,1,SV,Comuna Moldovita
4326680,2,1,SV,Comuna Vatra Moldovitei
4326698,2,1,SV,Comuna Vama
4326701,f,,SV,Comuna Moldovita,13729380,4326671
4326728,2,1,SV,Comuna Stulpicani
4326736,2,1,SV,Comuna Breaza
4326744,2,1,SV,Comuna Izvoarele Sucevei
4326760,2,1,SV,Comuna Fundu Moldovei
4326779,2,1,SV,Comuna Sadova
4326787,2,1,SV,Comuna Boroaia
4326795,2,1,SV,Comuna Draguseni
4326809,2,1,SV,Comuna Forasti
4326817,2,1,SV,Comuna Bogdanesti
4326833,2,1,SV,Comuna Horodniceni
4326841,2,1,SV,Comuna Slatina
4326850,2,1,SV,Comuna Bunesti
4326868,2,1,SV,Comuna Vulturesti
4326876,2,1,SV,Comuna Crucea
4326884,2,1,SV,Comuna Saru Dornei
4326892,2,1,SV,Comuna Panaci
4326906,2,1,SV,Comuna Carlibaba
4326914,2,1,SV,Comuna Dorna Candrenilor
4326922,2,1,SV,Comuna Todiresti
4326930,2,1,SV,Comuna Ilisesti
4326957,2,1,SV,Comuna Valea Moldovei
4326965,2,1,SV,Comuna Arbore
4326973,7,1,SV,Orasul Milisauti
4326981,2,1,SV,Comuna Zamostea
4326990,2,1,SV,Comuna Fratautii Noi
4327006,2,1,SV,Comuna Bilca
4327030,2,1,SV,Comuna Marginea
4327057,2,1,SV,Comuna Satu Mare
4327065,2,1,SV,Comuna Ulma
4327073,7,1,SV,Orasul Vicovu de Sus
4327081,f,,SV,Orasul Vicovu de Sus,4327073,13729380
4327090,2,1,SV,Comuna Vicovu de Jos
4327219,f,,SV,Municipiul Suceava,13729380,4244792
4327278,f,,SV,Municipiul Campulung Moldovenesc,13729380,4842400
4327294,b,,SV,Municipiul Campulung Moldovenesc,11424532
4327421,2,1,SV,Comuna Scheia
4327480,2,1,SV,Comuna Adancata
4327499,2,1,SV,Comuna Siminicea
4327510,2,1,SV,Comuna Udesti
4327529,2,1,SV,Comuna Veresti
4327537,2,1,SV,Comuna Fantanele
4327545,2,1,SV,Comuna Radaseni
4331007,f,,AB,Orasul Zlatna,4331031,13729380
4331031,7,1,AB,Orasul Zlatna
4331066,p,,AB,Municipiul Aiud,4562583
4331074,p,,AB,Orasul Cimpeni,4331112
4331090,f,,AB,Orasul Cimpeni,4331112,13729380
4331104,p,,AB,Orasul Cimpeni,4331112
4331112,7,1,AB,Orasul Campeni
4331201,5,1,AB,Municipiul Sebes
4331210,p,,AB,Municipiul Sebes,4331201
4331228,f,,AB,Municipiul Sebes,4331201,13729380
4331260,f,,AB,Municipiul Sebes,4331201,13729380
4331325,p,,AB,Orasul Cugir,5146873
4331449,b,,AB,Municipiul Alba Iulia,11424532
4331562,q,,AB,Municipiul Alba Iulia,4266456
4332126,f,,DJ,Municipiul Craiova,4417214,13729380
4332169,r,,DJ,Municipiul Craiova,13633330
4332266,2,1,DJ,Comuna Plenita
4332282,f,,DJ,Comuna Calarasi,5001910,13729380
4332452,f,,DJ,Municipiul Craiova,4417214,13729380
4337301,2,1,MH,Comuna Ieselnita
4337310,2,1,MH,Comuna Ilovita
4337336,2,1,MH,Comuna Dubova
4337344,3,1,MH,Municipiul Drobeta Turnu Severin
4337352,2,1,MH,Comuna Breznita-Ocol
4337395,r,,MH,Municipiul Drobeta Turnu Severin,13633330
4337514,f,,MH,Municipiul Drobeta Turnu Severin,4426581,13729380
4337565,f,,MH,Comuna Simian,4550988,13729380
4337573,f,,MH,Municipiul Drobeta Turnu Severin,4426581,13729380
4337603,5,1,MH,Municipiul Orsova - Mehedinti
4340269,f,,B,Sectorul 2 al Municipiului Bucuresti,4204038,13729380
4340315,f,,B,Sectorul 6 al Municipiului Bucuresti,4340730,13729380
4340331,f,,B,Sectorul 6 al Municipiului Bucuresti,4340730,13729380
4340358,f,,B,Sectorul 6 al Municipiului Bucuresti,13729380,4340730
4340498,f,,IF,Comuna Branesti,13729380,4420724
4340528,f,,B,Sectorul 3 al Municipiului Bucuresti,13729380,4420465
4340552,f,,B,Sectorul 3 al Municipiului Bucuresti,4420465,13729380
4340625,i,,B,Sectorul 4 al Municipiului Bucuresti,4316422,13729380
4340730,6,1,B,Sectorul 6 al Municipiului Bucuresti
4342650,2,1,BR,Comuna Vadeni
4342669,2,1,BR,Comuna Chiscani
4342677,2,1,BR,Comuna Tichilesti
4342685,2,1,BR,Comuna Marasu
4342693,2,1,BR,Comuna Romanu
4342707,2,1,BR,Comuna Unirea
4342715,2,1,BR,Comuna Traian
4342723,2,1,BR,Comuna Movila Miresii
4342731,2,1,BR,Comuna Tudor Vladimirescu
4342740,2,1,BR,Comuna Sutesti
4342758,2,1,BR,Comuna Gradistea
4342766,2,1,BR,Comuna Dudesti
4342774,2,1,BR,Comuna Rosiori
4342782,2,1,BR,Comuna Ciocile
4342790,2,1,BR,Comuna Zavoaia
4342804,2,1,BR,Comuna Ciresu
4342812,2,1,BR,Comuna Victoria
4342820,2,1,BR,Comuna Baraganul
4342839,2,1,BR,Comuna Racovita
4342880,f,,BR,Municipiul Braila,13729380,4205670
4343044,f,,BR,Orasul Faurei,13729380,4343052
4343052,7,1,BR,Orasul Faurei
4343125,f,,BR,Municipiul Braila,4205670,13729380
4344228,2,1,DB,Comuna Visina
4344244,2,1,DB,Comuna Malu cu Flori
4344252,2,1,DB,Comuna Butimanu
4344279,2,1,DB,Comuna Branistea
4344287,2,1,DB,Comuna Iedera
4344333,f,,DB,Municipiul Targoviste,4279944,13729380
4344368,f,,DB,Municipiul Targoviste,13729380,4279944
4344376,f,,DB,Municipiul Targoviste,4279944,13729380
4344406,v,,DB,Municipiul Targoviste,4279944
4344430,2,1,DB,Comuna Tatarani
4344449,2,1,DB,Comuna Pietrosita
4344457,2,1,DB,Comuna Branesti
4344465,2,1,DB,Comuna Gura Ocnitei
4344473,2,1,DB,Comuna Runcu
4344481,f,,DB,Orasul Racari,13729380,4816185
4344490,2,1,DB,Comuna Bucsani
4344503,2,1,DB,Comuna Finta
4344520,2,1,DB,Comuna Ocnita
4344538,2,1,DB,Comuna Doicesti
4344570,2,1,DB,Comuna Sotanga
4344589,2,1,DB,Comuna Morteni
4344597,5,1,DB,Municipiul Moreni
4344600,2,1,DB,Comuna Voinesti
4344619,2,1,DB,Comuna Manesti
4344627,2,1,DB,Comuna Dragomiresti
4344635,2,1,DB,Comuna Valeni Dambovita
4344643,2,1,DB,Comuna Razvad
4344651,2,1,DB,Comuna Ulmi
4347305,f,,BN,Orasul Nasaud,4347887,13729380
4347313,f,,BN,Orasul Nasaud,4347887,13729380
4347321,7,1,BN,Orasul Sangeorz Bai
4347330,f,,BN,Orasul Sangeorz Bai,4347321,13729380
4347348,2,1,BN,Comuna Budacu De Jos
4347356,2,1,BN,Comuna Monor
4347364,2,1,BN,Comuna Cetate
4347372,2,1,BN,Comuna Sieut
4347380,2,1,BN,Comuna Rebrisoara
4347399,2,1,BN,Comuna Salva
4347402,2,1,BN,Comuna Branistea
4347410,2,1,BN,Comuna Prundu Bargaului
4347429,2,1,BN,Comuna Josenii Birgaului
4347437,2,1,BN,Comuna Bistrita Birgaului
4347445,2,1,BN,Comuna Livezile
4347550,3,1,BN,Municipiul Bistrita
4347569,5,1,BN,Municipiul Bistrita
4347593,p,,BN,Municipiul Bistrita,4347550
4347640,f,,BN,Municipiul Bistrita,4347569,13729380
4347690,f,,BN,Municipiul Bistrita,4347569,13729380
4347771,f,,BN,Municipiul Bistrita,4347569,13729380
4347780,f,,BN,Municipiul Bistrita,13729380,4347569
4347828,f,,BN,Municipiul Bistrita,13729380,4347569
4347879,p,,BN,Orasul Nasaud,4347887
4347887,7,1,BN,Orasul Nasaud
4348807,f,,BH,Municipiul Oradea,4230487,13729380
4348831,f,,BH,Municipiul Oradea,4230487,13729380
4348840,f,,BH,Municipiul Oradea,4230487,13729380
4348890,p,,BH,Orasul Alesd,4348920
4348920,7,1,BH,Orasul Alesd
4348947,5,1,BH,Municipiul Marghita
4349020,2,1,BH,Comuna Husasau de Tinca
4349039,2,1,CJ,Comuna Alunis
4349071,5,1,CJ,Municipiul Gherla
4349152,f,,CJ,Municipiul Dej,4349179,13729380
4349179,5,1,CJ,Municipiul Dej
4350394,3,1,VN,Municipiul Focsani
4350416,f,,VN,Municipiul Focsani,4350645,13729380
4350432,2,1,VN,Comuna Ciorasti
4350459,2,1,VN,Comuna Pufesti
4350491,5,1,VN,Municipiul Adjud
4350505,p,,VN,Municipiul Focsani,4266456
4350548,2,1,VN,Comuna Nanesti
4350580,2,1,VN,Comuna Gura Calitei
4350602,2,1,VN,Comuna Reghiu
4350610,2,1,VN,Comuna Suraia
4350629,f,,VN,Municipiul Adjud,4350491,13729380
4350645,5,1,VN,Municipiul Focsani
4350653,2,1,VN,Comuna Brosteni
4350661,2,1,VN,Comuna Tifesti
4350688,2,1,VN,Comuna Homocea
4350696,2,1,VN,Comuna Jitia
4350700,2,1,VN,Comuna Movilita
4350718,2,1,VN,Comuna Garoafa
4350726,2,1,VN,Comuna Mera
4350769,2,1,VN,Comuna Chiojdeni
4350777,2,1,VN,Comuna Barsesti
4350793,f,,VN,Orasul Odobesti,4297827,13729380
43516588,4,,B,Sectorul 1
4351730,2,1,GJ,Comuna Vagiulesti
4351748,2,1,GJ,Comuna Samarinesti
4352069,2,1,GJ,Comuna Slivilesti
4352557,q,,GR,Municipiul Giurgiu,4266456
4352573,f,,GR,Municipiul Giurgiu,4852455,13729380
4352603,f,,GR,Municipiul Giurgiu,4852455,13729380
4352620,p,,GR,Municipiul Giurgiu,4938042
4352662,f,,GR,Municipiul Giurgiu,4852455,13729380
4352689,p,,GR,Orasul Bolintin Vale,5483380
4352700,2,1,BC,Comuna Urechesti
4352751,2,1,BC,Comuna Brusturoasa
4352808,f,,BC,Municipiul Bacau,4278337,13729380
4352824,d,,BC,Comuna Sascut,13729380,4353161
4352832,2,1,BC,Comuna Hemeiusi
4352883,f,,BC,Municipiul Bacau,13729380,4278337
4352905,2,1,BC,Comuna Parincea
4352913,2,1,BC,Comuna Dealu Morii
4352921,7,1,BC,Orasul Darmanesti
4352930,f,,BC,Municipiul Onesti,4353250,13729380
4352964,2,1,BC,Comuna Casin
4352972,2,1,BC,Comuna Glavanesti
4352980,2,1,BC,Comuna Manastirea Casin
4353005,2,1,BC,Comuna Beresti-Tazlau
4353021,2,1,BC,Comuna Tatarasti
4353099,2,1,BC,Comuna Magiresti
4353102,2,1,BC,Comuna Solont
4353110,2,1,BC,Comuna Cotofanesti
4353145,f,,BC,Municipiul Bacau,13729380,4278337
4353161,2,1,BC,Comuna Sascut
4353196,2,1,BC,Comuna Huruiesti
4353234,2,1,BC,Comuna Nicolae Balcescu
4353250,5,1,BC,Municipiul Onesti
4353269,7,1,BC,Orasul Comanesti
4353323,f,,BC,Municipiul Bacau,13729380,4278337
4354507,2,1,CJ,Comuna Feleacu
4354523,e,,CJ,Municipiul Cluj-Napoca,4266456
4354540,p,,CJ,Municipiul Cluj-Napoca,4288110
4354566,5,1,CJ,Municipiul Campia Turzii
4355677,f,,GL,Municipiul Tecuci,4269312,13729380
4357821,2,1,TM,Comuna Nitchidorf
4357848,2,1,TM,Comuna Traian Vuia
4357856,2,1,TM,Comuna Curtea
4357864,2,1,TM,Comuna Tomesti
4357872,2,1,TM,Comuna Ohaba Lunga
4357880,2,1,TM,Comuna Ghizela
4357937,2,1,TM,Comuna Criciova
4357945,2,1,TM,Comuna Boldur
4357953,2,1,TM,Comuna Costeiu
4357961,2,1,TM,Comuna Stiuca
4357970,2,1,TM,Comuna Balint
4357988,7,1,TM,Orasul Gataia
4357996,2,1,TM,Comuna Banloc
4358029,3,1,TM,Municipiul Timisoara
4358070,f,,TM,Municipiul Timisoara,14756536,13729380
4358193,2,1,TM,Comuna Moravita
4358207,2,1,TM,Comuna Peciu Nou
4358231,2,1,TM,Comuna Cenad
4358240,f,,TM,Orasul Deta,4483889,13729380
4359253,f,,VS,Municipiul Vaslui,3337532,13729380
4359385,2,1,VS,Comuna Balteni
4359393,2,1,VS,Comuna Pungesti
4359407,2,1,VS,Comuna Bogdana
4359423,f,,VS,Orasul Murgeni,3337710,13729380
4359431,2,1,VS,Comuna Albesti
4359628,p,,VS,Municipiul Husi,3602736
4359652,2,1,VS,Comuna Garceni
4364217,f,,B,Sectorul 5 al Municipiului Bucuresti,4433953,13729380
4364268,e,,B,Sectorul 5 al Municipiului Bucuresti,4192472
4364403,f,,IF,Comuna Branesti,4420724,13729380
4364411,2,1,IF,Comuna Ganeasa
4364420,p,,IF,Orasul Buftea,4192545
4364438,f,,IF,Orasul Buftea,13729380,4434029
4364446,7,1,IF,Orasul Otopeni
4364454,f,,IF,Comuna Ciorogirla,4532450,13729380
4364470,2,1,IF,Comuna Cornetu
4364500,7,1,IF,Orasul Magurele
4364519,r,,IF,Comuna Cernica,4192545
4364527,2,1,IF,Comuna Chiajna
4364594,b,,B,Sectorul 1 al Municipiului Bucuresti,11424532
4364730,f,,IF,Comuna Dragomiresti Vale,13729380,4736078
4364748,s,,B,Sectorul 5 al Municipiului Bucuresti
4364756,f,,IL,Municipiul Fetesti,13729380,4365077
4364764,2,1,IL,Comuna Radulesti
4364799,2,1,IL,Comuna Stelnica
4364810,2,1,IL,Comuna Movilita
4364853,f,,IL,Municipiul Urziceni,4364942,13729380
4364888,7,1,IL,Orasul Tandarei
4364896,2,1,IL,Comuna Dridu
4364942,5,1,IL,Municipiul Urziceni
4364950,f,,IL,Municipiul Urziceni,4364942,13729380
4365026,2,1,IL,Comuna Salcioara
4365069,2,1,IL,Comuna Sinesti
4365077,5,1,IL,Municipiul Fetesti
4365085,2,1,IL,Comuna Alexeni
4365093,2,1,IL,Comuna Manasia
4365107,2,1,IL,Comuna Ion Roata
4365115,2,1,IL,Comuna Gheorghe Doja
4365123,2,1,IL,Comuna Adincata
4365158,2,1,IL,Comuna Garbovi
4365166,f,,IL,Municipiul Fetesti,4365077,13729380
4365174,2,1,IL,Comuna Jilavele
4365204,2,1,IL,Comuna Sfantul Gheorghe
4365220,p,,IL,Municipiul Fetesti,4365077
4365239,2,1,IL,Comuna Armasesti
4365255,2,1,IL,Comuna Cosereni
4365271,2,1,IL,Comuna Barcanesti
4365298,f,,IL,Municipiul Slobozia,4365352,13729380
4365336,2,1,IL,Comuna Saveni
4365344,2,1,IL,Comuna Movila
4365352,5,1,IL,Municipiul Slobozia
4365360,f,,IL,Orasul Tandarei,4364888,13729380
4365379,2,1,IL,Comuna Facaeni
4365395,f,,IL,Comuna Armasesti,13729380,4365239
4365441,2,1,IL,Comuna Vladeni
4367400,p,,HR,Municipiul Toplita,4245178
4367426,f,,HR,Orasul Vlahita,13729380,4245224
4367477,f,,HR,Municipiul Odorheiu Secuiesc,4367558,13729380
4367507,f,,HR,Municipiul Odorheiu Secuiesc,4367558,13729380
4367558,5,1,HR,Municipiul Odorheiu Secuiesc
4367566,f,,HR,Municipiul Odorheiu Secuiesc,4367558,13729380
4367590,f,,HR,Municipiul Odorheiu Secuiesc,4367558,13729380
4367612,7,1,HR,Orasul Balan
4367647,7,1,HR,Orasul Cristuru Secuiesc
4367655,2,1,HR,Comuna Remetea
4367663,2,1,HR,Comuna Sacel
4367671,2,1,HR,Comuna Secuieni
4367680,f,,HR,Comuna Subcetate,13729380,4367698
4367698,2,1,HR,Comuna Subcetate
4367701,2,1,HR,Comuna Suseni
4367710,2,1,HR,Comuna Simonesti
4367744,2,1,HR,Comuna Uliesi
4367752,2,1,HR,Comuna Varsag
4367779,2,1,HR,Comuna Zetea
4367868,2,1,HR,Comuna Sarmas
4367884,2,1,HR,Comuna Atid
4367892,2,1,HR,Comuna Avramesti
4367914,2,1,HR,Comuna Capalnita
4367922,2,1,HR,Comuna Ciumani
4367930,2,1,HR,Comuna Dealu
4367957,2,1,HR,Comuna Ditrau
4367973,2,1,HR,Comuna Feliceni
4367981,2,1,HR,Comuna Galautas
4367990,2,1,HR,Comuna Joseni
4368006,2,1,HR,Comuna Lazarea
4368014,2,1,HR,Comuna Lueta
4368049,2,1,HR,Comuna Lupeni
4368057,d,,HR,Comuna Martinis,4246238,13729380
4368065,2,1,HR,Comuna Mugeni
4368073,2,1,HR,Comuna Ocland
4368090,2,1,HR,Comuna Plaiesii de Jos
4368103,2,1,HR,Comuna Praid
4373991,2,1,HD,Comuna Ghelari
4374008,2,1,HD,Comuna Baia de Cris
4374016,f,,HD,Comuna Criscior,4468331,13729380
4374024,2,1,HD,Comuna Baita
4374040,2,1,HD,Comuna Harau
4374059,2,1,HD,Comuna Pui
4374075,2,1,HD,Comuna Branisca
4374083,2,1,HD,Comuna Certeju de Sus
4374105,2,1,HD,Comuna Vetel
4374113,2,1,HD,Comuna Dobra
4374130,2,1,HD,Comuna Blajeni
4374148,2,1,HD,Comuna Pestisu Mic
4374164,2,1,HD,Comuna Ilia
4374172,2,1,HD,Comuna Gurasada
4374180,2,1,HD,Comuna Lapugiu de Jos
4374199,2,1,HD,Comuna Rapoltu Mare
4374202,2,1,HD,Comuna Buces
4374261,2,1,HD,Comuna Burjuc
4374270,2,1,HD,Comuna Bacia
4374393,5,1,HD,Municipiul Deva
4374474,3,1,HD,Municipiul Deva
4374520,f,,HD,Municipiul Deva,4374393,13729380
4374555,8,,HD,Municipiul Deva,4374474
4374580,f,,HD,Municipiul Deva,4374393,13729380
4374652,f,,HD,Municipiul Deva,4374393,13729380
4374695,f,,HD,Municipiul Deva,4374393,13729380
4374725,f,,HD,Municipiul Deva,4374393,13729380
4374733,f,,HD,Municipiul Deva,4374393,13729380
4374849,h,,HD,Municipiul Petrosani,13729380
4374873,p,,HD,Municipiul Petrosani,4468943
4374962,5,1,HD,Municipiul Brad
4375003,f,,HD,Orasul Hateg,5453878,13729380
4375046,5,1,HD,Municipiul Lupeni
4375062,f,,HD,Municipiul Lupeni,13729380,4375046
4375097,7,1,HD,Orasul Petrila
4375119,f,,HD,Orasul Petrila,13729380,4375097
4375135,7,1,HD,Orasul Petrila
4375160,r,,HD,Orasul Simeria,13633330
4375186,f,,HD,Orasul Simeria,4375135,13729380
4375267,5,1,HD,Municipiul Vulcan
4375275,f,,HD,Municipiul Vulcan,4375267,13729380
4375836,2,1,MS,Comuna Sincai
4375844,2,1,MS,Comuna Suplac
4375852,2,1,MS,Comuna Eremitu
4375879,2,1,MS,Comuna Vargata
4375887,2,1,MS,Comuna Panet
4375895,7,1,MS,Orasul Sangeorgiu de Padure
4375917,2,1,MS,Comuna Zau de Campie
4375925,2,1,MS,Comuna Valea Larga
4375933,2,1,MS,Comuna Grebenisu de Cimpie
4375941,2,1,MS,Comuna Raciu
4375950,2,1,MS,Comuna Hodosa
4375968,2,1,MS,Comuna Neaua
4375976,2,1,MS,Comuna Vetca
4375992,d,,MS,Orasul Miercurea Nirajului,13729380,4322971
4376017,2,1,MS,Comuna Craiesti
4378743,2,1,CJ,Comuna Aiton
4378751,2,1,CJ,Comuna Baciu
4378760,2,1,CJ,Comuna Bobilna
4378778,2,1,CJ,Comuna Borsa
4378786,2,1,CJ,Comuna Calarasi
4378794,2,1,CJ,Comuna Caseiu
4378808,2,1,CJ,Comuna Catcau
4378824,2,1,CJ,Comuna Dabica
4378832,2,1,CJ,Comuna Mihai Viteazu
4378840,2,1,CJ,Comuna Tureni
4378867,f,,CJ,Municipiul Cluj-Napoca,4305857,13729380
4378930,5,1,CJ,Municipiul Turda
4378964,f,,CJ,Municipiul Dej,4349179,13729380
4382450,f,,B,Sectorul 1 al Municipiului Bucuresti,13729380,4505359
4382469,p,,B,Sectorul 1 al Municipiului Bucuresti,4267117
4382523,e,,B,Sectorul 1 al Municipiului Bucuresti,4192472
4382558,p,,B,Sectorul 1 al Municipiului Bucuresti,4267117
4382698,f,,B,Sectorul 5 al Municipiului Bucuresti,4433953,13729380
4384150,3,1,BV,Municipiul Brasov
4384206,5,1,BV,Municipiul Brasov
4384389,p,,BV,Municipiul Fagaras,4384419
4384419,5,1,BV,Municipiul Fagaras
4384443,f,,BV,Municipiul Fagaras,4384419,13729380
4384567,2,1,BV,Comuna Recea
4384575,2,1,BV,Comuna Sercaia
4384583,2,1,BV,Comuna Sinca
4384591,2,1,BV,Comuna Hirseni
4384605,2,1,BV,Comuna Mandra
4384613,2,1,BV,Comuna Parau
4384621,2,1,BV,Comuna Soars
4385430,f,,BZ,Municipiul Buzau,4233874,13729380
4385457,p,,BZ,Comuna Smeeni,4154380
4385538,2,1,BZ,Comuna Vadu Pasii
4390232,f,,BH,Municipiul Oradea,4230487,13729380
4390275,f,,BH,Municipiul Oradea,4230487,13729380
4390488,2,1,BH,Comuna Auseu
4390496,f,,BH,Comuna Suncuius,4784199,13729380
4390518,2,1,BH,Comuna Cetariu
4390526,2,1,BH,Comuna Bors
4392462,1,,BT,Municipiul Dorohoi,4112945
4393123,2,1,GL,Comuna Munteni
4393131,2,1,GL,Comuna Umbraresti
4393140,f,,GL,Orasul Beresti,3346883,13729380
4393166,2,1,GL,Comuna Corod
4393204,7,1,GL,Orasul Targu Bujor
4393212,2,1,GL,Comuna Vinatori
4394501,2,1,OT,Comuna Colonesti
4394510,q,,OT,Municipiul Slatina,4266456
4394544,2,1,OT,Comuna Valea Mare
4394552,2,1,OT,Comuna Dobrun
4394560,2,1,OT,Comuna Gostavatu
4394579,2,1,OT,Comuna Babiciu
4394633,2,1,OT,Comuna Orlea
4394684,f,,OT,Municipiul Slatina,13729380,4394811
4394706,3,1,OT,Municipiul Slatina
4394803,2,1,OT,Comuna Vulpeni
4394811,5,1,OT,Municipiul Slatina
4394820,2,1,OT,Comuna Oporelu
4394838,2,1,OT,Comuna Iancu Jianu
4394846,p,,OT,Orasul Bals,4286437
4394870,f,,OT,Orasul Bals,13729380,4286437
4394927,p,,OT,Municipiul Slatina,4394706
4394951,2,1,OT,Comuna Vitomiresti
4394986,2,1,OT,Comuna Traian
4394994,2,1,OT,Comuna Cezieni
4395000,2,1,OT,Comuna Radomiresti
4395019,2,1,OT,Comuna Barza
4395027,f,,OT,Municipiul Slatina,13729380,4394811
4395035,2,1,OT,Comuna Dobrosloveni
4395043,2,1,OT,Comuna Pirscoveni
4395078,2,1,OT,Comuna Voineasa
4395086,p,,OT,Municipiul Caracal,4395175
4395124,2,1,OT,Comuna Fagetelu
4395140,f,,OT,Municipiul Slatina,4394811,13729380
4395175,5,1,OT,Municipiul Caracal
4396367,f,,CS,Orasul Moldova Noua,3227955,13729380
4400859,f,,B,Sectorul 2 al Municipiului Bucuresti,4204038,13729380
4400956,q,,B,Sectorul 2 al Municipiului Bucuresti,4266456
4402540,2,1,DB,Comuna Darmanesti
4402566,2,1,DB,Comuna Slobozia Moara
4402590,7,1,DB,Orasul Titu
4402604,2,1,DB,Comuna I. L. Caragiale
4402612,2,1,DB,Comuna Corbii Mari
4402620,2,1,DB,Comuna Vacaresti
4402639,2,1,DB,Comuna Cringurile
4402663,2,1,DB,Comuna Candesti
4402671,2,1,DB,Comuna Glodeni
4402680,i,,DB,Comuna Voinesti,4344600,13729380
4402698,2,1,DB,Comuna Odobesti
4402736,2,1,DB,Comuna Ciocanesti
4402744,2,1,DB,Comuna Cornesti
4402752,2,1,DB,Comuna Lunguletu
4404311,2,1,CV,Comuna Reci
4404338,2,1,CV,Comuna Cernat
4404354,f,,CV,Municipiul Sfantu Gheorghe,4404605,13729380
4404370,7,1,CV,Orasul Intorsura Buzaului
4404400,2,1,CV,Comuna Bradut
4404460,2,1,CV,Comuna Sita Buzaului
4404478,2,1,CV,Comuna Varghis
4404486,2,1,CV,Comuna Zagon
4404524,p,,CV,Municipiul Targu Secuiesc,4201813
4404567,2,1,CV,Comuna Belin
4404575,2,1,CV,Comuna Dobarlau
4404583,2,1,CV,Comuna Haghig
4404591,2,1,CV,Comuna Valcele
4404605,5,1,CV,Municipiul Sfantu Gheorghe
4404613,7,1,CV,Orasul Covasna
4404621,2,1,CV,Comuna Bodoc
4404630,2,1,CV,Comuna Turia
4404656,2,1,CV,Comuna Brates
4404664,f,,CV,Municipiul Sfantu Gheorghe,13729380,4404605
4404672,q,,CV,Municipiul Sfantu Gheorghe,4266456
4404680,f,,CV,Municipiul Targu Secuiesc,13729380,4201813
4404710,2,1,CV,Comuna Barcani
4404788,7,1,CV,Orasul Baraolt
4404796,f,,CV,Municipiul Sfantu Gheorghe,4404605,13729380
4405899,f,,SB,Municipiul Sibiu,4270740,13729380
4405902,2,1,SB,Comuna Rau Sadului
4405929,2,1,SB,Comuna Cartisoara
4405937,2,1,SB,Comuna Laslea
4405961,f,,SB,Orasul Copsa Mica,4406207,13729380
4405988,2,1,SB,Comuna Slimnic
4406002,7,1,SB,Orasul Cisnadie
4406010,2,1,SB,Comuna Darlos
4406029,2,1,SB,Comuna Tarnava
4406045,2,1,SB,Comuna Selimbar
4406088,2,1,SB,Comuna Barghis
4406096,b,,SB,Municipiul Sibiu,11424532
4406118,2,1,SB,Comuna Atel
4406134,2,1,SB,Comuna Rasinari
4406207,7,1,SB,Orasul Copsa Mica
4406223,3,1,SB,Municipiul Sibiu
4406240,2,1,SB,Comuna Mosna
4406266,7,1,SB,Orasul Miercurea Sibiului
4406274,f,,SB,Orasul Cisnadie,4406002,13729380
4406282,2,1,SB,Comuna Brateiu
4406355,2,1,SB,Comuna Vurpar
4410526,f,,VN,Municipiul Focsani,4350645,13729380
4410623,7,1,VN,Orasul Marasesti
4410658,2,1,VN,Comuna Slobozia Bradului
4410666,f,,VN,Orasul Marasesti,4410623,13729380
4410674,d,,VN,Orasul Marasesti,4410623,13729380
4410690,p,,VN,Municipiul Adjud,4350491
4410704,2,1,VN,Comuna Balesti
4411289,f,,BH,Orasul Alesd,4348920,13729380
4411297,f,,BH,Orasul Alesd,4348920,13729380
4411300,2,1,BH,Comuna Lugasu de Jos
4412209,2,1,GL,Comuna Smulti
4412217,2,1,GL,Comuna Balasesti
4412225,2,1,GL,Comuna Matca
4412233,2,1,GL,Comuna Virlezi
4417060,p,,DJ,Municipiul Craiova,4417214
4417079,f,,DJ,Municipiul Craiova,4417214,13729380
4417150,3,1,DJ,Municipiul Craiova
4417214,5,1,DJ,Municipiul Craiova
4420465,6,1,B,Sectorul 3 al Municipiului Bucuresti
4420481,f,,B,Sectorul 5 al Municipiului Bucuresti,4433953,13729380
4420554,e,,B,Sectorul 4 al Municipiului Bucuresti,4266456
4420635,e,,B,Sectorul 5 al Municipiului Bucuresti,4265841
4420708,2,1,IF,Comuna Afumati
4420716,2,1,IF,Comuna Petrachioaia
4420724,2,1,IF,Comuna Branesti
4420740,2,1,IF,Comuna Cernica
4420759,7,1,IF,Orasul Pantelimon
4420767,2,1,IF,Comuna Glina
4420775,2,1,IF,Comuna Stefanesti de Jos
4420783,2,1,IF,Comuna Dascalu
4420791,2,1,IF,Comuna Jilava
4420805,f,,IF,Comuna Snagov,5643775,13729380
4420813,2,1,IF,Comuna Gradistea
4420830,2,1,IF,Comuna Mogosoaia
4420848,7,1,IF,Orasul Chitila
4426158,2,1,CJ,Comuna Buza
4426166,2,1,CJ,Comuna Camarasu
4426174,2,1,CJ,Comuna Catina
4426182,2,1,CJ,Comuna Cornesti
4426212,2,1,CJ,Comuna Jucu
4426220,2,1,CJ,Comuna Margau
4426239,2,1,CJ,Comuna Moldovenesti
4426247,2,1,CJ,Comuna Panticeu
4426255,2,1,CJ,Comuna Recea Cristur
4426263,2,1,CJ,Comuna Tritenii de Jos
4426271,2,1,CJ,Comuna Unguras
4426280,2,1,CJ,Comuna Viisoara
4426298,2,1,CJ,Comuna Vultureni
4426328,f,,CJ,Municipiul Cluj-Napoca,4305857,13729380
4426395,2,1,MH,Comuna Malovat
4426417,2,1,MH,Comuna Jiana
4426425,2,1,MH,Comuna Hinova
4426433,f,,MH,Comuna Cujmir,4426476,13729380
4426441,2,1,MH,Comuna Ilovat
4426450,2,1,MH,Comuna Cazanesti
4426468,2,1,MH,Comuna Bala
4426476,2,1,MH,Comuna Cujmir
4426522,f,,MH,Municipiul Drobeta Turnu Severin,4426581,13729380
4426530,f,,MH,Municipiul Drobeta Turnu Severin,13729380,4426581
4426581,5,1,MH,Municipiul Drobeta Turnu Severin
4426590,f,,MH,Municipiul Drobeta Turnu Severin,4426581,13729380
4426808,f,,BN,Municipiul Bistrita,4347569,13729380
4426859,f,,BN,Municipiul Bistrita,4347569,13729380
4426913,f,,BN,Municipiul Bistrita,4347569,13729380
4426948,2,1,BN,Comuna Mariselu
4426956,2,1,BN,Comuna Sieu
4426964,2,1,BN,Comuna Galatii Bistritei
4426972,2,1,BN,Comuna Sieu Magherus
4426980,2,1,BN,Comuna Dumitra
4426999,2,1,BN,Comuna Chiuza
4427005,2,1,BN,Comuna Nuseni
4427013,2,1,BN,Comuna Sintereag
4427021,2,1,BN,Comuna Sieu Odorhei
4427030,2,1,BN,Comuna Ilva Mica
4427048,2,1,BN,Comuna Feldru
4427056,2,1,BN,Comuna Matei
4427064,2,1,BN,Comuna Lechinta
4427072,2,1,BN,Comuna Simnihaiul de Cimpie
4427080,2,1,BN,Comuna Micestii De Cimpie
4427099,2,1,BN,Comuna Milas
4427102,2,1,BN,Comuna Tiha Birgaului
4427110,f,,BN,Comuna Prundu Bargaului,13729380,4347410
4427889,7,1,IL,Orasul Amara
4427897,2,1,IL,Comuna Milosesti
4427900,2,1,IL,Comuna Bucu
4427935,f,,IL,Orasul Tandarei,4364888,13729380
4427943,2,1,IL,Comuna Cocora
4427951,2,1,IL,Comuna Giurgeni
4427960,f,,IL,Municipiul Slobozia,4365352,13729380
4427978,2,1,IL,Comuna Gheorghe Lazar
4428000,2,1,IL,Comuna Valea Macrisului
4428019,2,1,IL,Comuna Dragoesti
4428027,2,1,IL,Comuna Albesti
4428035,2,1,IL,Comuna Valea Ciorii
4428060,7,1,IL,Orasul Fierbinti-Targ
4428078,2,1,IL,Comuna Mihail Kogalniceanu
4428094,2,1,IL,Comuna Bordusani
4433767,h,,B,Sectorul 1 al Municipiului Bucuresti,13729380
4433775,h,,B,Sectorul 1 al Municipiului Bucuresti,13729380
4433880,f,,B,Sectorul 1 al Municipiului Bucuresti,4505359,13729380
4433953,6,1,B,Sectorul 5 al Municipiului Bucuresti
4434010,2,1,IF,Comuna Berceni
4434029,7,1,IF,Orasul Buftea
4434037,2,1,IF,Comuna Ciolpani
4434452,f,,GR,Comuna Calugareni,5798613,13729380
4436216,2,1,GL,Comuna Suceveni
4436836,2,1,MS,Comuna Bala
4436844,2,1,MS,Comuna Adamus
4436852,2,1,MS,Comuna Ganesti
4436860,2,1,MS,Comuna Gheorghe Doja
4436879,2,1,MS,Comuna Pogaceaua
4436895,7,1,MS,Orasul Sovata
4436925,2,1,MS,Comuna Ghindari
4436933,2,1,MS,Comuna Bagaciu
4436941,2,1,MS,Comuna Coroisanmartin
4440624,f,,SV,Municipiul Suceava,4244792,13729380
4440888,f,,SV,Municipiul Falticeni,5432522,13729380
4440926,y,,SV,Orasul Gura Humorului,4244512,13729380
4440985,7,1,SV,Orasul Siret
4441000,7,1,SV,Orasul Solca
4441018,2,1,SV,Comuna Mitocul Dragomirnei
4441026,2,1,SV,Comuna Moara
4441158,2,1,SV,Comuna Iacobeni
4441166,7,1,SV,Orasul Cajvana
4441174,2,1,SV,Comuna Cacica
4441182,2,1,SV,Comuna Partestii de Jos
4441190,2,1,SV,Comuna Dragoiesti
4441239,2,1,SV,Comuna Volovat
4441263,2,1,SV,Comuna Dornesti
4441271,2,1,SV,Comuna Musenita
4441280,2,1,SV,Comuna Granicesti
4441298,2,1,SV,Comuna Balcauti
4441301,2,1,SV,Comuna Gramesti
4441336,2,1,SV,Comuna Sucevita
4441352,2,1,SV,Comuna Galanesti
4441360,2,1,SV,Comuna Straja
4441379,2,1,SV,Comuna Putna
4441409,2,1,SV,Comuna Frumosu
4441417,2,1,SV,Comuna Ostra
4441425,2,1,SV,Comuna Pojorata
4441433,2,1,SV,Comuna Moldova Sulita
4441573,2,1,SV,Comuna Cornu Luncii
4443256,b,,BV,Municipiul Brasov,11424532
4443353,7,1,BV,Orasul Rasnov
4443388,7,1,BV,Orasul Rupea
4443400,f,,BV,Comuna Feldioara,4728326,13729380
4443418,2,1,BV,Comuna Vistea
4443426,2,1,BV,Comuna Beclean
4443434,2,1,BV,Comuna Lisa
4443450,2,1,BV,Comuna Voila
4443469,2,1,BV,Comuna Cincu
4443477,2,1,BV,Comuna Ucea
4443485,2,1,BV,Comuna Moieciu
4445214,2,1,CL,Comuna Sohatu
4445222,2,1,CL,Comuna Nana
4445281,2,1,CL,Comuna Dragos Voda
4445338,2,1,CL,Comuna Valea Argovei
4445370,5,1,CL,Municipiul Calarasi
4445389,2,1,CL,Comuna Dragalina
4446333,f,,VS,Municipiul Vaslui,3337532,13729380
4446481,p,,VS,Municipiul Barlad,4539912
4446546,f,,VS,Municipiul Barlad,13729380,4539912
4446554,a,,VS,Municipiul Barlad,13729380
4446562,f,,VS,Municipiul Barlad,13729380,4539912
4446589,2,1,VS,Comuna Tanacu
4446597,2,1,VS,Comuna Tacuta
4446619,2,1,VS,Comuna Dumesti
4446627,2,1,VS,Comuna Ivanesti
4446678,2,1,VS,Comuna Tutova
4446686,2,1,VS,Comuna Bogdanesti
4446694,2,1,VS,Comuna Viisoara
4446708,2,1,VS,Comuna Banca
4447177,f,,VN,Comuna Vidra,4297649,13729380
4447193,2,1,VN,Comuna Fitionesti
4447207,f,,VN,Orasul Panciu,4447320,13729380
4447266,2,1,VN,Comuna Vrancioaia
4447274,2,1,VN,Comuna Nistoresti
4447304,2,1,VN,Comuna Andreiasu de Jos
4447312,f,,VN,Orasul Panciu,13729380,4447320
4447320,7,1,VN,Orasul Panciu
4447339,2,1,VN,Comuna Soveja
4447363,f,,VN,Comuna Dumitresti,4297690,13729380
4447398,a,,VN,Municipiul Focsani,13729380
4447436,2,1,VN,Comuna Sihlea
4447460,2,1,VN,Comuna Naruja
4447509,d,,VN,Municipiul Focsani,4350645,13729380
4448067,p,,GJ,Municipiul Targu Jiu,4956057
4448199,p,,GJ,Orasul Bumbesti Jiu,4666002
4448202,2,1,GJ,Comuna Albeni
4448229,2,1,GJ,Comuna Runcu
4448377,2,1,GJ,Comuna Dragotesti
4448385,2,1,GJ,Comuna Matasari
4448393,2,1,GJ,Comuna Ciuperceni
4448407,2,1,GJ,Comuna Calnic
4448415,2,1,GJ,Comuna Borascu
4448423,2,1,GJ,Comuna Telesti
4448431,2,1,GJ,Comuna Scoarta
4449348,2,1,DB,Comuna Brezoaele
4449356,2,1,DB,Comuna Mogosani
4449372,2,1,DB,Comuna Costestii din Vale
4449380,2,1,DB,Comuna Produlesti
4449402,2,1,DB,Comuna Barbuletu
4449410,2,1,DB,Comuna Petresti
4449437,2,1,DB,Comuna Matasaru
4449488,a,,DB,Municipiul Targoviste,13729380
4449500,f,,DB,Orasul Gaesti,13729380,4279774
4453144,u,,B,Sectorul 5 al Municipiului Bucuresti,4267095
4453160,h,,B,Sectorul 2 al Municipiului Bucuresti,13729380
4453179,f,,B,Sectorul 4 al Municipiului Bucuresti,4316422,13729380
4453209,f,,B,Sectorul 5 al Municipiului Bucuresti,13729380,4433953
4454964,2,1,BH,Comuna Sinteu
4454972,2,1,BH,Comuna Soimi
4454980,2,1,BH,Comuna Rabagani
4454999,2,1,BH,Comuna Nojorid
4455013,2,1,BC,Comuna Buhoci
4455021,2,1,BC,Comuna Letea Veche
4455030,2,1,BC,Comuna Filipesti
4455080,2,1,BC,Comuna Magura
4455145,2,1,BC,Comuna Horgesti
4455170,2,1,BC,Comuna Vultureni
4455188,2,1,BC,Comuna Secuieni
4455218,2,1,BC,Comuna Traian
4455226,2,1,BC,Comuna Racova
4455234,2,1,BC,Comuna Oituz
4455250,2,1,BC,Comuna Tamasi
4455293,2,1,BC,Comuna Caiuti
4455307,2,1,BC,Comuna Gaiceana
4455366,f,,BC,Orasul Buhusi,4535953,13729380
4455412,f,,BC,Orasul Darmanesti,13729380,4352921
4455447,2,1,BC,Comuna Orbeni
4455480,2,1,BC,Comuna Berzunti
4455498,2,1,BC,Comuna Pirjol
4455501,2,1,BC,Comuna Oncesti
4455528,2,1,BC,Comuna Ardeoani
4455536,2,1,BC,Comuna Cleja
4455552,2,1,BC,Comuna Pancesti
4455560,2,1,BC,Comuna Beresti-Bistrita
4455595,2,1,BC,Comuna Saucesti
4455617,2,1,BC,Comuna Girleni
44582920,p,,BV,Orasul Victoria,4523207
4461970,2,1,GL,Comuna Branistea
4468323,2,1,HD,Comuna Luncoiu de Jos
4468331,2,1,HD,Comuna Criscior
4468340,2,1,HD,Comuna Turdas
4468358,2,1,HD,Comuna Soimus
4468366,2,1,HD,Comuna Orastioara de Sus
4468374,2,1,HD,Comuna Zam
4468390,2,1,HD,Comuna Vorta
4468862,f,,HD,Municipiul Hunedoara,2127028,13729380
4468943,5,1,HD,Municipiul Petrosani
4468994,7,1,HD,Orasul Aninoasa
4469027,2,1,TR,Comuna Poroschia
4469060,f,,TR,Municipiul Alexandria,13729380,4652660
4469205,f,,AG,Municipiul Pitesti,4317967,13729380
4469329,f,,AG,Municipiul Pitesti,4317967,13729380
4469388,f,,AG,Orasul Costesti,13729380,4834769
4469418,2,1,AG,Comuna Popesti
4469426,2,1,AG,Comuna Recea
4469434,2,1,AG,Comuna Izvoru
4469442,2,1,AG,Comuna Nucsoara
4469450,2,1,AG,Comuna Pietrosani
4469469,2,1,AG,Comuna Cosesti
4469477,2,1,AG,Comuna Dobresti
4469493,2,1,AG,Comuna Stolnici
4469515,2,1,AG,Comuna Rociu
4469523,2,1,AG,Comuna Suseni
4469531,2,1,AG,Comuna Teiu
4469566,2,1,AG,Comuna Budeasa
4480084,f,,SB,Municipiul Medias,13729380,4240677
4480106,f,,SB,Municipiul Sibiu,4270740,13729380
4480130,2,1,SB,Comuna Jina
4480149,7,1,SB,Orasul Ocna Sibiului
4480165,2,1,SB,Comuna Rosia
4480173,h,,SB,Municipiul Sibiu,13729380
4480238,2,1,SB,Comuna Marpod
4480246,2,1,SB,Comuna Porumbacu de Jos
4480270,2,1,SB,Comuna Bruiu
4481160,5,1,SM,Municipiul Carei
4483447,p,,TM,Municipiul Timisoara,14756536
4483609,f,,TM,Municipiul Timisoara,13729380,14756536
4483617,f,,TM,Comuna Nadrag,2483246,13729380
4483625,f,,TM,Comuna Dudestii Vechi,13729380,4483919
4483676,2,1,TM,Comuna Jamu Mare
4483684,2,1,TM,Comuna Giera
4483692,2,1,TM,Comuna Lenauheim
4483765,p,,TM,Orasul Sannicolau Mare,4548554
4483790,2,1,TM,Comuna Tormac
4483811,r,,TM,Orasul Gataia,4266456
4483820,2,1,TM,Comuna Darova
4483838,2,1,TM,Comuna Pietroasa
4483846,2,1,TM,Comuna Firdea
4483854,2,1,TM,Comuna Comlosu Mare
4483862,2,1,TM,Comuna Sinpetru Mare
4483870,2,1,TM,Comuna Varias
4483889,7,1,TM,Orasul Ciacova
4483897,2,1,TM,Comuna Liebling
4483919,2,1,TM,Comuna Dudestii Vechi
4483927,2,1,TM,Comuna Bethausen
4483935,2,1,TM,Comuna Gavojdia
4483943,2,1,TM,Comuna Denta
4484400,2,1,MH,Comuna Izvoru Barzii
4484418,2,1,MH,Comuna Godeanu
4484426,2,1,MH,Comuna Balvanesti
4484442,2,1,MH,Comuna Sovarna
4484450,2,1,MH,Comuna Sisesti
4484469,2,1,MH,Comuna Ciresu
4484477,2,1,MH,Comuna Podeni
4484485,2,1,MH,Comuna Prunisor
4484493,2,1,MH,Comuna Garla Mare
4484531,f,,MH,Municipiul Drobeta Turnu Severin,4426581,13729380
4484558,f,,MH,Municipiul Orsova,13729380,4337603
4485243,2,1,CJ,Comuna Apahida
4485260,2,1,CJ,Comuna Belis
4485359,2,1,CJ,Comuna Ciucea
4485391,2,1,CJ,Comuna Floresti
4485413,2,1,CJ,Comuna Geaca
4485421,2,1,CJ,Comuna Gilau
4485430,2,1,CJ,Comuna Girbau
4485448,2,1,CJ,Comuna Marisel
4485456,2,1,CJ,Comuna Mica
4485472,2,1,CJ,Comuna Mociu
4485502,2,1,CJ,Comuna Vad
4485588,f,,CJ,Orasul Huedin,13729380,4485642
4485634,f,,CJ,Orasul Huedin,4485642,13729380
4485642,7,1,CJ,Orasul Huedin
4485715,p,,CJ,Municipiul Cluj-Napoca,4288110
4485804,f,,CJ,Municipiul Cluj-Napoca,4288110,13729380
4486176,f,,CJ,Municipiul Turda,13729380,4378930
4486230,2,1,CJ,Comuna Chiuiesti
4491040,2,1,OT,Comuna Barasti
4491075,f,,OT,Municipiul Slatina,4394811,13729380
4491113,f,,OT,Municipiul Slatina,13729380,4394811
4491130,f,,OT,Municipiul Caracal,4395175,13729380
4491148,2,1,OT,Comuna Bobicesti
4491164,2,1,OT,Comuna Scarisoara
4491180,f,,OT,Municipiul Slatina,13729380,4394811
4491202,2,1,OT,Comuna Bucinisu
4491210,2,1,OT,Comuna Cirlogani
4491237,7,1,OT,Orasul Piatra Olt
4491245,2,1,OT,Comuna Vulturesti
4491253,2,1,OT,Comuna Oboga
4491261,2,1,OT,Comuna Draghiceni
4491296,2,1,OT,Comuna Dobretu
4491300,2,1,OT,Comuna Studina
4491318,2,1,OT,Comuna Sprincenata
4491326,2,1,OT,Comuna Slatioara
4491334,2,1,OT,Comuna Farcasele
4491350,2,1,OT,Comuna Deveselu
4491369,7,1,OT,Orasul Scornicesti
4494764,3,1,SJ,Municipiul Zalau
4494799,f,,SJ,Municipiul Zalau,4291786,13729380
4494926,7,1,SJ,Orasul Jibou
4495018,2,1,SJ,Comuna Pericei
4495034,f,,SJ,Comuna Surduc,4291620,13729380
4495042,2,1,SJ,Comuna Napradea
4495069,2,1,SJ,Comuna Cizer
4495077,2,1,SJ,Comuna Banisor
4495085,2,1,SJ,Comuna Horoatu Crasnei
4495107,2,1,SJ,Comuna Mesesenii de Jos
4495115,2,1,SJ,Comuna Crasna
4495123,2,1,SJ,Comuna Sag
4495131,2,1,SJ,Comuna Varsolt
4495140,2,1,SJ,Comuna Babeni
4495158,2,1,SJ,Comuna Letca
4495166,2,1,SJ,Comuna Lozna
4495174,2,1,SJ,Comuna Rus
4495182,2,1,SJ,Comuna Galgau
4495190,2,1,SJ,Comuna Poiana Blenchii
4495204,2,1,SJ,Comuna Ileanda
4495212,f,,SJ,Comuna Ileanda,4495204,13729380
4495220,2,1,SJ,Comuna Zalha
4495255,i,,SJ,Comuna Nusfalau,13729380,4291921
4495263,2,1,SJ,Comuna Camar
4496145,f,,DB,Comuna Visina,4344228,13729380
4496153,f,,DB,Orasul Gaesti,13729380,4279774
4496161,f,,DB,Orasul Gaesti,4279774,13729380
4496170,f,,DB,Orasul Titu,13729380,4402590
4499303,2,1,GL,Comuna Balabanesti
4499613,2,1,VN,Comuna Straoane
4499621,2,1,VN,Comuna Vizantea Livezi
4505316,g,,B,Sectorul 1 al Municipiului Bucuresti,13729380,13633330
4505332,p,,B,Sectorul 1 al Municipiului Bucuresti,4266456
4505359,6,1,B,Sectorul 1 al Municipiului Bucuresti
4505367,e,,B,Sectorul 1 al Municipiului Bucuresti,4266456
4505421,p,,B,Sectorul 1 al Municipiului Bucuresti,4266456
4505502,h,,B,Sectorul 5 al Municipiului Bucuresti,13729380
4505570,2,1,IF,Comuna Vidra
4505588,2,1,IF,Comuna 1 Decembrie
4505596,7,1,IF,Orasul Popesti - Leordeni
4505600,f,,IF,Comuna Branesti,4420724,13729380
4505618,2,1,IF,Comuna Tunari
4506885,2,1,IL,Comuna Scanteia
4508533,7,1,TL,Orasul Babadag
4508568,2,1,TL,Comuna Izvoarele
4508576,2,1,TL,Comuna Luncavita
4508584,2,1,TL,Comuna Topolog
4508592,2,1,TL,Comuna Ciucurova
4508614,2,1,TL,Comuna Sarichioi
4508622,2,1,TL,Comuna Beidaud
4508630,2,1,TL,Comuna Ceamurlia De Jos
4508649,2,1,TL,Comuna Somova
4508657,2,1,TL,Comuna Frecatei
4508673,2,1,TL,Comuna Stejaru
4508681,2,1,TL,Comuna Nalbant
4508690,2,1,TL,Comuna Jijila
4508703,f,,TL,Orasul Isaccea,3721907,13729380
4508711,2,1,TL,Comuna Maliuc
4508720,2,1,TL,Comuna Nufaru
4508738,2,1,TL,Comuna Chilia Veche
4508754,f,,TL,Municipiul Tulcea,13729380,4321429
4508762,2,1,TL,Comuna Niculitel
4508770,2,1,TL,Comuna Mihail Kogalniceanu
4508789,2,1,TL,Comuna Valea Nucarilor
4508800,2,1,TL,Comuna Casimcea
4508860,2,1,TL,Comuna Crisan
4510266,p,,GJ,Orasul Tirgu Carbunesti,4898681
4510347,f,,GJ,Orasul Bumbesti Jiu,13729380,4666002
4510371,2,1,GJ,Comuna Glogova
4510436,2,1,GJ,Comuna Dragutesti
4510444,2,1,GJ,Comuna Hurezani
4510452,2,1,GJ,Comuna Danesti
4512208,p,,BN,Orasul Beclean,4548821
4512216,f,,BN,Orasul Nasaud,13729380,4347887
4512232,2,1,BN,Comuna Romuli
4512240,2,1,BN,Comuna Parva
4512259,2,1,BN,Comuna Nimigea
4512267,2,1,BN,Comuna Telciu
4512275,2,1,BN,Comuna Lesu
4512283,2,1,BN,Comuna Ilva Mare
4512291,2,1,BN,Comuna Magura Ilvei
4512305,2,1,BN,Comuna Maieru
4512313,2,1,BN,Comuna Sant
4512321,2,1,BN,Comuna Rodna
4512330,2,1,BN,Comuna Petru Rares
4512356,2,1,BN,Comuna Tarlisua
4512364,2,1,BN,Comuna Caianu Mic
4512372,2,1,BN,Comuna Ciceu Giurgesti
4512380,2,1,BN,Comuna Uriu
4512399,2,1,BN,Comuna Budesti
4512402,2,1,BN,Comuna Urmenis
4512410,2,1,BN,Comuna Silivasu de Cimpie
4514608,2,1,CT,Comuna Ciocarlia
4514624,f,,CT,Municipiul Constanta,13729380,4785631
4514632,2,1,CT,Comuna Mircea Voda
4514675,2,1,CT,Comuna Rasova
4514837,f,,CT,Municipiul Constanta,4785631,13729380
4514853,2,1,CT,Comuna Silistea
4514861,2,1,CT,Comuna Seimeni
4514888,2,1,CT,Comuna Targusor
4514926,2,1,CT,Comuna Tortomanu
4515239,2,1,CT,Comuna Poarta Alba
4515255,5,1,CT,Municipiul Mangalia
4515328,2,1,CT,Comuna Mihail Kogalniceanu
4515360,2,1,CT,Comuna Pestera
4515417,f,,CT,Orasul Navodari,4618382,13729380
4515441,p,,CT,Municipiul Mangalia,4515255
4515476,2,1,CT,Comuna Cobadin
4515484,b,,CT,Municipiul Constanta,11424532
4515573,f,,CT,Municipiul Constanta,4785631,13729380
4515646,f,,CT,Oras Eforie,4617794,13729380
4515719,f,,CT,Municipiul Constanta,13729380,4785631
4515735,2,1,CT,Comuna Castelu
4515840,2,1,CT,Comuna Nicolae Balcescu
4520871,f,,SB,Municipiul Sibiu,4270740,13729380
4521281,2,1,HD,Comuna Beriu
4521290,2,1,HD,Comuna Bucuresci
4521303,2,1,HD,Comuna Tomesti
4521320,2,1,HD,Comuna Bunila
4521338,2,1,HD,Comuna Bosorod
4521362,2,1,HD,Comuna Martinesti
4521370,2,1,HD,Comuna Rachitova
4521389,2,1,HD,Comuna Vata de Jos
4521397,2,1,HD,Comuna Ribita
4521419,2,1,HD,Comuna Valisoara
4521427,2,1,HD,Comuna Baru
4521443,2,1,HD,Comuna Bretea Romana
4523193,f,,BV,Orasul Victoria,4523207,13729380
4523207,7,1,BV,Orasul Victoria
4524920,2,1,BT,Comuna Corlateni
4524938,2,1,BT,Comuna Hiliseu-Horia
4524946,2,1,BT,Comuna Broscauti
4527381,5,1,TM,Municipiul Lugoj
4527403,2,1,TM,Comuna Teremia Mare
4527462,f,,TM,Municipiul Timisoara,13729380,14756536
4532388,p,,B,Sectorul 1 al Municipiului Bucuresti,4267117
4532442,f,,IF,Orasul Buftea,4434029,13729380
4532450,2,1,IF,Comuna Ciorogirla
4532469,2,1,IF,Comuna Balotesti
4532477,2,1,IF,Comuna Moara-Vlasiei
4532515,2,1,DB,Comuna Selaru
45336915,4
4535317,f,,SV,Orasul Gura Humorului,13729380,6631418
4535597,2,1,SV,Comuna Manastirea Humorului
4535635,2,1,SV,Comuna Brodina
4535651,7,1,SV,Orasul Frasin
4535740,2,1,BC,Comuna Negri
4535813,2,1,BC,Comuna Scorteni
4535821,2,1,BC,Comuna Helegiu
4535848,2,1,BC,Comuna Damienesti
4535864,2,1,BC,Comuna Rachitoasa
4535872,2,1,BC,Comuna Rosiori
4535880,2,1,BC,Comuna Podu Turcului
4535899,2,1,BC,Comuna Lipova
4535902,2,1,BC,Comuna Parava
4535910,2,1,BC,Comuna Luizi-Calugara
4535953,7,1,BC,Orasul Buhusi
4539106,f,,BH,Municipiul Oradea,4230487,13729380
4539114,7,1,BH,Orasul Stei
4539122,2,1,BH,Comuna Pomezeu
4539912,5,1,VS,Municipiul Barlad
4539971,2,1,VS,Comuna Poienesti
4540003,2,1,VS,Comuna Falciu
4540011,f,,VS,Comuna Puiesti,13729380,3394317
4540020,2,1,VS,Comuna Perieni
4540038,2,1,IS,Comuna Aroneanu
4540046,2,1,IS,Comuna Focuri
4540054,b,,IS,Municipiul Iasi,11424532
4540070,f,,IS,Municipiul Iasi,4541580,13729380
4540089,f,,IS,Municipiul Iasi,4541580,13729380
4540208,2,1,IS,Comuna Voinesti
4540216,2,1,IS,Comuna Vladeni
4540224,2,1,IS,Comuna Tutora
4540232,2,1,IS,Comuna Trifesti
4540240,2,1,IS,Comuna Tomesti
4540259,2,1,IS,Comuna Tiganasi
4540267,2,1,IS,Comuna Tibanesti
4540275,2,1,IS,Comuna Tibana
4540283,2,1,IS,Comuna Tansa
4540291,2,1,IS,Comuna Sipote
4540305,2,1,IS,Comuna Victoria
4540313,2,1,IS,Comuna Scanteia
4540321,2,1,IS,Comuna Schitu Duca
4540330,2,1,IS,Comuna Scheia
4540348,2,1,IS,Comuna Rediu
4540356,2,1,IS,Comuna Raducaneni
4540364,2,1,IS,Comuna Probota
4540372,2,1,IS,Comuna Prisacani
4540380,2,1,IS,Comuna Popricani
4540399,2,1,IS,Comuna Popesti
4540402,2,1,IS,Comuna Plugari
4540410,2,1,IS,Comuna Movileni
4540437,2,1,IS,Comuna Mogosesti
4540453,2,1,IS,Comuna Mironeasa
4540461,2,1,IS,Comuna Miroslava
4540470,2,1,IS,Comuna Madarjac
4540488,2,1,IS,Comuna Letcani
4540496,2,1,IS,Comuna Ipatele
4540500,2,1,IS,Comuna Horlesti
4540518,2,1,IS,Comuna Holboca
4540526,2,1,IS,Comuna Grozesti
4540534,2,1,IS,Comuna Gropnita
4540542,2,1,IS,Comuna Grajduri
4540569,2,1,IS,Comuna Gorban
4540577,2,1,IS,Comuna Golaesti
4540585,2,1,IS,Comuna Dumesti
4540593,2,1,IS,Comuna Dolhesti
4540607,2,1,IS,Comuna Dobrovat
4540615,2,1,IS,Comuna Dagata
4540623,2,1,IS,Comuna Cozmesti
4540631,2,1,IS,Comuna Costuleni
4540640,2,1,IS,Comuna Comarna
4540658,2,1,IS,Comuna Ciurea
4540666,2,1,IS,Comuna Ciortesti
4540674,2,1,IS,Comuna Ungheni
4540682,2,1,IS,Comuna Bivolari
4540690,2,1,IS,Comuna Birnova
4540704,2,1,IS,Comuna Andrieseni
4540712,3,1,IS,Municipiul Iasi
4540755,f,,IS,Municipiul Iasi,4540712,13729380
4540810,p,,IS,Municipiul Iasi,4540712
4540895,p,,IS,Municipiul Iasi,4541580
4540941,2,1,IS,Comuna Alexandru. I. Cuza
4540950,2,1,IS,Comuna Butea
4540968,2,1,IS,Comuna Braesti
4540976,2,1,IS,Comuna Baltati
4540984,2,1,IS,Comuna Cucuteni
4540992,2,1,IS,Comuna Lungani
4541009,2,1,IS,Comuna Oteleni
4541017,7,1,IS,Orasul Podu Iloaiei
4541025,2,1,IS,Comuna Romanesti
4541033,2,1,IS,Comuna Sinesti
4541041,2,1,IS,Comuna Strunga
4541050,2,1,IS,Comuna Ion Neculce
4541068,7,1,IS,Orasul Targu Frumos
4541114,d,,IS,Orasul Targu Frumos,4541068,13729380
4541130,f,,IS,Orasul Hirlau,4541190,13729380
4541149,d,,IS,Orasul Hirlau,4541190,13729380
4541165,p,,IS,Municipiul Iasi,4266456
4541190,7,1,IS,Orasul Harlau
4541203,2,1,IS,Comuna Deleni
4541211,2,1,IS,Comuna Belcesti
4541220,2,1,IS,Comuna Cotnari
4541238,2,1,IS,Comuna Coarnele Caprei
4541246,2,1,IS,Comuna Ceplenita
4541254,2,1,IS,Comuna Erbiceni
4541270,2,1,IS,Comuna Scobinti
4541289,2,1,IS,Comuna Cristesti
4541297,2,1,IS,Comuna Halaucesti
4541300,2,1,IS,Comuna Helesteni
4541319,2,1,IS,Comuna Lespezi
4541327,2,1,IS,Comuna Mircesti
4541335,2,1,IS,Comuna Miroslovesti
4541343,2,1,IS,Comuna Mogosesti Siret
4541351,2,1,IS,Comuna Motca
4541360,5,1,IS,Municipiul Pascani
4541378,2,1,IS,Comuna Ruginoasa
4541386,2,1,IS,Comuna Siretel
4541394,2,1,IS,Comuna Stolniceni Prajescu
4541408,2,1,IS,Comuna Tatarusi
4541416,2,1,IS,Comuna Todiresti
4541424,2,1,IS,Comuna Vinatori
4541475,f,,IS,Municipiul Pascani,4541360,13729380
4541580,5,1,IS,Municipiul Iasi
4541688,f,,IS,Municipiul Iasi,13729380,4541580
4541696,f,,IS,Municipiul Iasi,13729380,4541580
4541718,f,,IS,Municipiul Iasi,13729380,4541580
4541750,e,,IS,Municipiul Iasi,4192472
4541840,h,,IS,Municipiul Iasi,13729380
4541858,f,,IS,Municipiul Iasi,4541580,13729380
4541882,f,,IS,Orasul Podu Iloaiei,13729380,4541017
4541904,f,,IS,Municipiul Iasi,4541580,13729380
4541920,f,,IS,Municipiul Iasi,4541580,13729380
4541939,f,,IS,Municipiul Iasi,13729380,4541580
45426171,v,,CS,Orasul Otelu Rosu,3227971
4543948,d,,AG,Comuna Corbeni,4122051,13729380
4543956,2,1,AG,Comuna Draganu
4543964,f,,AG,Comuna Domnesti,4971960,13729380
4543980,2,1,AG,Comuna Babana
4543999,f,,AG,Comuna Vedea,5050573,13729380
4544013,2,1,AG,Comuna Slobozia
4546936,2,1,CJ,Comuna Cuzdrioara
4546944,2,1,CJ,Comuna Frata
4546952,2,1,CJ,Comuna Iara
4546960,2,1,CJ,Comuna Luna
4546979,2,1,CJ,Comuna Maguri-Racatau
4546987,2,1,CJ,Comuna Sinpaul
4547044,f,,CJ,Municipiul Gherla,13729380,4349071
4547117,p,,CJ,Municipiul Cluj-Napoca,4305857
4547125,e,,CJ,Municipiul Cluj-Napoca,4266456
4547168,f,,CJ,Municipiul Cluj-Napoca,4305857,13729380
4547214,f,,CJ,Municipiul Turda,13729380,4378930
4548520,2,1,TM,Comuna Victor Vlad Delamarina
4548538,p,,TM,Municipiul Timisoara,14756536
4548546,f,,TM,Municipiul Lugoj,4527381,13729380
4548554,7,1,TM,Orasul Sannicolau Mare
4548570,2,1,TM,Comuna Mosnita Noua
4548821,7,1,BN,Orasul Beclean
4548830,f,,BN,Orasul Beclean,13729380,4548821
4548848,f,,BN,Orasul Beclean,13729380,4548821
4548899,2,1,BN,Comuna Teaca
4549983,f,,OT,Orasul Piatra Olt,4491237,13729380
4549991,2,1,OT,Comuna Falcoiu
4550023,f,,OT,Municipiul Caracal,4395175,13729380
4550058,2,1,OT,Comuna Rotunda
4550961,2,1,MH,Comuna Salcia
4550970,2,1,MH,Comuna Darvari
4550988,2,1,MH,Comuna Simian
4550996,2,1,MH,Comuna Svinita
4553232,2,1,DJ,Comuna Vela
4553267,2,1,DJ,Comuna Murgasi
4553283,2,1,DJ,Comuna Isalnita
4553291,2,1,DJ,Comuna Simnicu de Sus
4553305,2,1,DJ,Comuna Motatei
4553313,2,1,DJ,Comuna Carpen
4553321,2,1,DJ,Comuna Bucovat
4553330,2,1,DJ,Comuna Teslui
4553372,7,1,DJ,Orasul Filiasi
4553380,h,,DJ,Municipiul Craiova,13729380
4553399,2,1,DJ,Comuna Podari
4553402,f,,DJ,Municipiul Craiova,13729380,4417214
4553410,2,1,DJ,Comuna Izvoare
4553429,2,1,DJ,Comuna Giubega
4553437,2,1,DJ,Comuna Sadova
4553461,2,1,DJ,Comuna Sopot
4553470,2,1,DJ,Comuna Cetate
4553518,2,1,DJ,Comuna Daneti
4553526,2,1,DJ,Comuna Vartop
4553534,2,1,DJ,Comuna Cosoveni
4553569,2,1,DJ,Comuna Farcas
4553577,2,1,DJ,Comuna Apele Vii
4553585,2,1,DJ,Comuna Maglavit
4553593,2,1,DJ,Comuna Cotofenii din Dos
4553607,2,1,DJ,Comuna Diosti
4553623,2,1,DJ,Comuna Tuglui
4553631,2,1,DJ,Comuna Leu
4553640,2,1,DJ,Comuna Botosesti-Paia
4553704,2,1,DJ,Comuna Lipov
4553712,2,1,DJ,Comuna Cernatesti
4553747,2,1,DJ,Comuna Bradesti
4553780,2,1,DJ,Comuna Negoi
4553895,2,1,DJ,Comuna Bistret
4553992,2,1,DJ,Comuna Pielesti
4554017,2,1,DJ,Comuna Valea Stanciului
4554033,2,1,DJ,Comuna Verbita
4554041,2,1,DJ,Comuna Predesti
4554050,2,1,DJ,Comuna Breasta
4554076,2,1,DJ,Comuna Brabova
4554092,2,1,DJ,Comuna Gingiova
4554106,2,1,DJ,Comuna Seaca de Padure
4554114,2,1,DJ,Comuna Cioroiasi
4554157,2,1,DJ,Comuna Mischii
4554165,2,1,DJ,Comuna Scaesti
4554181,2,1,DJ,Comuna Calopar
4554190,2,1,DJ,Comuna Argetoaia
4554203,2,1,DJ,Comuna Goiesti
4554254,2,1,DJ,Comuna Ostroveni
4554319,2,1,DJ,Comuna Castranova
4554343,2,1,DJ,Comuna Bralostita
4554408,p,,DJ,Municipiul Bailesti,5002240
4554424,5,1,DJ,Municipiul Calafat
4554467,7,1,DJ,Orasul Segarcea
4554483,f,,DJ,Orasul Segarcea,4554467,13729380
4556174,f,,SB,Municipiul Sibiu,13729380,4270740
4556212,2,1,SB,Comuna Valea Viilor
4556247,2,1,SB,Comuna Seica Mica
4557951,p,,BT,Municipiul Botosani,3372955
4558698,2,1,BH,Comuna Buntesti
4559634,f,,HR,Municipiul Toplita,4245178,13729380
4560213,2,1,VN,Comuna Paunesti
4561898,7,1,AB,Oras Baia de Aries
4561901,2,1,AB,Comuna Lupsa
4561910,2,1,AB,Comuna Ocolis
4561928,2,1,AB,Comuna Galda de Jos
4561936,2,1,AB,Comuna Calnic
4561944,2,1,AB,Comuna Craciunelu de Jos
4561952,2,1,AB,Comuna Pianu
4561960,7,1,AB,Orasul Teius
4561979,2,1,AB,Comuna Bucium
4561987,2,1,AB,Comuna Hopirta
4561995,2,1,AB,Comuna Lopadea Noua
4562001,2,1,AB,Comuna Salistea
4562010,2,1,AB,Comuna Cergau
4562028,2,1,AB,Comuna Cenade
4562036,2,1,AB,Comuna Sona
4562044,2,1,AB,Comuna Garbova
4562060,2,1,AB,Comuna Rosia de Secas
4562079,2,1,AB,Comuna Ceru Bacainti
4562087,2,1,AB,Comuna Unirea
4562095,2,1,AB,Comuna Santimbru
4562109,2,1,AB,Comuna Sasciori
4562117,2,1,AB,Comuna Livezile
4562125,2,1,AB,Comuna Rimetea
4562133,2,1,AB,Comuna Spring
4562141,2,1,AB,Comuna Sancel
4562150,2,1,AB,Comuna Metes
4562168,2,1,AB,Comuna Sohodol
4562176,2,1,AB,Comuna Valea Lunga
4562184,2,1,AB,Comuna Stremt
4562192,2,1,AB,Comuna Vadu Motilor
4562206,2,1,AB,Comuna Daia Romana
4562214,2,1,AB,Comuna Miraslau
4562230,2,1,AB,Comuna Almasu Mare
4562249,2,1,AB,Comuna Horea
4562257,2,1,AB,Comuna Berghin
4562265,2,1,AB,Comuna Dostat
4562281,2,1,AB,Comuna Radesti
4562290,2,1,AB,Comuna Rosia Montana
4562303,2,1,AB,Comuna Blandiana
4562311,2,1,AB,Comuna Ciuruleasa
4562320,2,1,AB,Comuna Vidra
4562338,2,1,AB,Comuna Mihalt
4562346,2,1,AB,Comuna Bistra
4562354,2,1,AB,Comuna Sibot
4562362,2,1,AB,Comuna Albac
4562370,2,1,AB,Comuna Noslac
4562389,2,1,AB,Comuna Ramet
4562397,2,1,AB,Comuna Ighiu
4562400,2,1,AB,Comuna Ohaba
4562419,2,1,AB,Comuna Arieseni
4562427,2,1,AB,Comuna Sugag
4562435,2,1,AB,Comuna Lunca Muresului
4562443,2,1,AB,Comuna Vintu De Jos
4562451,2,1,AB,Comuna Scarisoara
4562460,2,1,AB,Comuna Mogos
4562478,2,1,AB,Comuna Cetatea de Balta
4562486,2,1,AB,Comuna Farau
4562494,2,1,AB,Comuna Garda de Sus
4562508,2,1,AB,Comuna Cricau
4562516,2,1,AB,Comuna Ciugud
4562524,2,1,AB,Comuna Intregalde
4562583,3,1,AB,Municipiul Alba Iulia
4562630,f,,AB,Municipiul Alba Iulia,13729380,4562923
4562710,f,,AB,Municipiul Alba Iulia,4562923,13729380
4562788,f,,AB,Municipiul Alba Iulia,13729380,4562923
4562923,5,1,AB,Municipiul Alba Iulia
4562940,p,,AB,Orasul Abrud,4905592
4563007,5,1,AB,Municipiul Blaj
4563090,f,,AB,Municipiul Blaj,4563007,13729380
4563155,f,,AB,Municipiul Blaj,4563007,13729380
4563228,7,1,AB,Orasul Ocna Mures
4565113,2,1,MS,Comuna Zagar
4565121,2,1,MS,Comuna Bahnea
4565237,2,1,MS,Comuna Breaza
4565245,2,1,MS,Comuna Mica
4565253,2,1,MS,Comuna Beica de Jos
4565261,2,1,CJ,Comuna Bontida
4566348,f,,SJ,Municipiul Zalau,13729380,4291786
4566356,f,,SJ,Municipiul Zalau,4291786,13729380
4566372,f,,SJ,Municipiul Zalau,4291786,13729380
4566399,f,,SJ,Municipiul Zalau,13729380,4291786
4566453,f,,SJ,Municipiul Zalau,4291786,13729380
4566496,a,,SJ,Municipiul Zalau,13729380
4566526,q,,SJ,Municipiul Zalau,4266456
4566577,f,,SJ,Municipiul Zalau,4291786,13729380
4566658,7,1,SJ,Orasul Simleul Silvaniei
4566682,f,,SJ,Comuna Sarmasag,4291972,13729380
4567947,f,,TR,Municipiul Alexandria,13729380,4652660
4567955,f,,TR,Municipiul Alexandria,4652660,13729380
4567980,q,,TR,Municipiul Alexandria,4266456
4568004,p,,TR,Municipiul Rosiorii de Vede,4652694
4568020,f,,TR,Municipiul Alexandria,13729380,4652660
4568144,f,,TR,Municipiul Alexandria,13729380,4652660
4568357,f,,TR,Orasul Zimnicea,13729380,4652732
4568390,f,,TR,Comuna Olteni,6853171,13729380
4568403,2,1,TR,Comuna Tatarastii De Jos
4568420,2,1,TR,Comuna Nanov
4568446,2,1,TR,Comuna Brinceni
4568454,2,1,TR,Comuna Buzescu
4568470,2,1,TR,Comuna Vitanesti
4568489,2,1,TR,Comuna Rasmiresti
4568497,2,1,TR,Comuna Cervenia
4568519,2,1,TR,Comuna Contesti
4568527,2,1,TR,Comuna Piatra
4568535,f,,TR,Comuna Piatra,13729380,4568527
4568543,2,1,TR,Comuna Pietrosani
4568560,2,1,TR,Comuna Ciuperceni
4568578,2,1,TR,Comuna Lita
4568586,2,1,TR,Comuna Calmatuiu
4568594,2,1,TR,Comuna Crangu
4568608,2,1,TR,Comuna Lunca
4568616,2,1,TR,Comuna Putineiu
4568624,2,1,TR,Comuna Salcia
4568632,2,1,TR,Comuna Seaca
4568640,2,1,TR,Comuna Segarcea Vale
4568659,2,1,TR,Comuna Traian
4571336,f,,B,Sectorul 5 al Municipiului Bucuresti,4433953,13729380
4576708,2,1,DB,Comuna Virfuri
4577223,2,1,BH,Comuna Remetea
4577231,2,1,BH,Comuna Sambata
4577576,f,,GL,Orasul Targu Bujor,4393204,13729380
4577878,2,1,MS,Comuna Magherani
4577975,f,,MS,Orasul Ludus,5669317,13729380
4577983,d,,MS,Orasul Ludus,5669317,13729380
4578008,2,1,MS,Comuna Lunca
4578016,i,,MS,Comuna Raciu,13729380,4375941
4578024,2,1,MS,Comuna Petelea
4578032,2,1,MS,Comuna Rastolita
45789320,m,,B,Sectorul 6 al Municipiului Bucuresti,4221306
4580423,7,1,BV,Orasul Predeal
4580458,f,,BV,Orasul Predeal,4580423,13729380
4582971,f,,SB,Municipiul Sibiu,4270740,13729380
4582980,f,,SB,Municipiul Sibiu,13729380,4270740
4583950,2,1,AG,Comuna Arefu
4591309,2,1,GL,Comuna Draguseni
4591430,2,1,MS,Comuna Stanceni
4591449,2,1,MS,Comuna Ideciu de Jos
4591457,f,,MS,Orasul Iernut,5584644,13729380
4591465,2,1,MS,Comuna Brincovenesti
4591490,5,1,BC,Municipiul Moinesti
4591511,2,1,BC,Comuna Motoseni
4591520,2,1,BC,Comuna Plopana
4591589,2,1,BC,Comuna Filipeni
4591627,2,1,BC,Comuna Margineni
4593377,f,,BH,Municipiul Oradea,4230487,13729380
4593385,f,,BH,Municipiul Oradea,4230487,13729380
4593423,5,1,BH,Municipiul Salonta
4593431,f,,BH,Orasul Stei,4539114,13729380
4593474,7,1,BH,Orasul Sacueni
4593482,f,,BH,Orasul Sacueni,4593474,13729380
4593490,f,,BH,Comuna Tinca,13729380,4794605
4593911,2,1,BZ,Comuna Odaile
4596780,f,,IL,Municipiul Slobozia,4365352,13729380
4597441,h,,GJ,Municipiul Targu Jiu,13729380
4602033,h,,B,Sectorul 1 al Municipiului Bucuresti,13729380
4602041,h,,B,Sectorul 1 al Municipiului Bucuresti,13729380
4602050,f,,B,Sectorul 1 al Municipiului Bucuresti,13729380,4505359
4602092,e,,B,Sectorul 1 al Municipiului Bucuresti,4266456
4602114,f,,B,Sectorul 5 al Municipiului Bucuresti,4433953,13729380
4602688,2,1,CL,Comuna Gradistea
4603438,f,,SB,Municipiul Medias,4240677,13729380
4603454,f,,SB,Orasul Avrig,13729380,4241087
4603519,2,1,SB,Comuna Turnu Rosu
4604930,f,,SV,Municipiul Vatra Dornei,13729380,7467268
4605528,f,,TM,Municipiul Timisoara,13729380,14756536
4605552,f,,TM,Municipiul Timisoara,14756536,13729380
4605560,f,,TM,Municipiul Timisoara,14756536,13729380
4605587,f,,TM,Municipiul Timisoara,14756536,13729380
4605668,f,,TM,Comuna Periam,4759543,13729380
4611481,f,,B,Sectorul 1 al Municipiului Bucuresti,4505359,13729380
4611538,2,1,IF,Comuna Corbeanca
4611546,2,1,IF,Comuna Nuci
4611554,2,1,IF,Comuna Peris
4612487,2,1,HR,Comuna Corbu
4612509,f,,HR,Municipiul Odorheiu Secuiesc,4367558,13729380
4612517,f,,HR,Municipiul Odorheiu Secuiesc,4367558,13729380
4613300,2,1,AB,Comuna Salciua
4613342,p,,AB,Municipiul Alba Iulia,4562583
4613377,f,,AB,Municipiul Alba Iulia,4562923,13729380
4613393,f,,AB,Municipiul Alba Iulia,4562923,13729380
4613601,f,,AB,Municipiul Aiud,4613636,13729380
4613610,f,,AB,Municipiul Aiud,4613636,13729380
4613628,p,,AB,Municipiul Aiud,4613636
4613636,5,1,AB,Municipiul Aiud
4613660,d,,AB,Municipiul Aiud,4613636,13729380
4613776,f,,AB,Municipiul Blaj,4563007,13729380
4613849,f,,AB,Orasul Cugir,13729380,5146873
4616799,d,,CV,Orasul Baraolt,4404788,13729380
4617689,2,1,CJ,Comuna Sic
4617719,e,,CJ,Municipiul Cluj-Napoca,4266456
4617794,7,1,CT,Orasul Eforie
4617891,2,1,CT,Comuna Pecineaga
4618153,2,1,CT,Comuna 23 August
4618170,2,1,CT,Comuna Cumpana
4618196,f,,CT,Municipiul Constanta,4785631,13729380
4618226,d,,CT,Orasul Harsova,13729380,7453165
4618382,7,1,CT,Orasul Navodari
4618439,2,1,CT,Comuna Cerchezu
4618447,f,,CT,Orasul Negru Voda,13729380,6398763
4618455,f,,CT,Municipiul Constanta,4785631,13729380
4619124,2,1,MS,Comuna Cozma
4619132,2,1,MS,Comuna Sanpetru de Campie
4619140,2,1,MS,Comuna Livezeni
4619159,d,,MS,Orasul Iernut,5584644,13729380
4619175,2,1,MS,Comuna Vatava
4619183,2,1,MS,Comuna Chiheru de Jos
4624937,f,,SB,Orasul Miercurea Sibiului,4406266,13729380
4626032,2,1,SM,Comuna Sanislau
4627283,f,,VS,Municipiul Husi,13729380,3602736
4627291,i,,VS,Municipiul Husi,3394171,13729380
4627313,2,1,VS,Comuna Danesti
4627321,2,1,VS,Comuna Tatarani
4627330,2,1,VS,Comuna Vetrisoaia
4631713,f,,B,Sectorul 1 al Municipiului Bucuresti,4505359,13729380
4633285,2,1,HD,Comuna Rau De Mori
4633293,2,1,HD,Comuna Sarmizegetusa
4633307,2,1,HD,Comuna Totesti
4633340,2,1,HD,Comuna Lelese
4634094,f,,HD,Municipiul Hunedoara,2127028,13729380
4634515,5,1,HD,Municipiul Orastie
4634647,7,1,HD,Orasul Uricani
4637511,d,,SJ,Municipiul Zalau,13729380,4291786
4637600,2,1,SJ,Comuna Cuzaplac
4637619,2,1,SJ,Comuna Almasu
4637627,2,1,SJ,Comuna Fildu de Jos
4637635,2,1,SJ,Comuna Sanmihaiu Almasului
4637643,2,1,SJ,Comuna Zimbor
4637651,2,1,SJ,Comuna Dragu
4638150,f,,TM,Municipiul Timisoara,14756536,13729380
4638215,f,,TM,Municipiul Timisoara,14756536,13729380
4638223,f,,TM,Comuna Peciu Nou,4358207,13729380
4638231,f,,TM,Municipiul Timisoara,14756536,13729380
4639032,2,1,VN,Comuna Racoasa
4639822,2,1,MH,Comuna Pristol
4639830,2,1,MH,Comuna Oprisor
4641237,f,,BH,Municipiul Beius,4794567,13729380
4641245,f,,BH,Orasul Stei,13729380,4539114
4641288,2,1,BH,Comuna Osorhei
4641296,2,1,BH,Comuna Sanmartin
4641300,2,1,BH,Comuna Ciumeghiu
4641318,2,1,BH,Comuna Salard
4641326,2,1,BH,Comuna Pietroasa
4641539,2,1,MS,Comuna Ibanesti
4641555,2,1,MS,Comuna Hodac
4642739,f,,GR,Municipiul Giurgiu,4852455,13729380
4642747,a,,GR,Municipiul Giurgiu,13729380
4644764,f,,CL,Municipiul Calarasi,4445370,13729380
4644772,f,,CL,Municipiul Calarasi,13729380,4445370
4646897,7,1,BV,Orasul Zarnesti
4646927,2,1,BV,Comuna Hoghiz
4646935,2,1,BV,Comuna Racos
4646943,2,1,BV,Comuna Homorod
4650200,f,,AB,Orasul Teius,4561960,13729380
4650553,f,,BH,Municipiul Oradea,4230487,13729380
4650561,f,,BH,Municipiul Marghita,4348947,13729380
4650570,7,1,BH,Orasul Valea lui Mihai
4650588,2,1,BH,Comuna Curatele
4650600,2,1,BH,Comuna Varciorog
4652660,5,1,TR,Municipiul Alexandria
4652686,3,1,TR,Municipiul Alexandria
4652694,5,1,TR,Municipiul Rosiorii de Vede
4652716,f,,TR,Municipiul Rosiorii de Vede,13729380,4652694
4652732,7,1,TR,Orasul Zimnicea
4652740,f,,TR,Orasul Videle,13729380,6853155
4652767,2,1,TR,Comuna Furculesti
4652775,2,1,TR,Comuna Magura
4652783,2,1,TR,Comuna Plosca
4652791,2,1,TR,Comuna Storobaneasa
4652805,2,1,TR,Comuna Islaz
4652813,2,1,TR,Comuna Plopii Slavitesti
4652821,2,1,TR,Comuna Slobozia Mindra
4654733,2,1,AG,Comuna Poienarii de Arges
4654741,2,1,AG,Comuna Baiculesti
4654750,2,1,AG,Comuna Ungheni
4654768,2,1,AG,Comuna Priboieni
4654776,2,1,AG,Comuna Beleti-Negresti
4654784,f,,AG,Comuna Maracineni,4122582,13729380
4655879,a,,OT,Municipiul Slatina,13729380
4655887,2,1,OT,Comuna Tufeni
4655895,2,1,OT,Comuna Vilcele
4659374,f,,B,Sectorul 2 al Municipiului Bucuresti,4204038,13729380
4659382,f,,B,Sectorul 2 al Municipiului Bucuresti,4204038,13729380
4660697,f,,BH,Municipiul Oradea,4230487,13729380
4660700,f,,BH,Municipiul Salonta,4593423,13729380
4660727,2,1,BH,Comuna Astileu
4660735,f,,BH,Comuna Vadu Crisului,4784180,13729380
4660743,2,1,BH,Comuna Hidiselu de Sus
4660751,2,1,BH,Comuna Lazareni
4660760,f,,BH,Orasul Sacueni,4593474,13729380
4662981,2,1,MS,Comuna Alunis
4663448,p,,TM,Municipiul Timisoara,4266456
4663456,p,,TM,Orasul Faget,2509958
4663480,2,1,TM,Comuna Dumbravita
4663995,f,,IL,Orasul Fierbinti-Targ,4428060,13729380
4666002,7,1,GJ,Orasul Bumbesti Jiu
4666100,f,,GJ,Orasul Novaci,4666126,13729380
4666118,p,,GJ,Orasul Novaci,4666126
4666126,7,1,GJ,Orasul Novaci
4666169,f,,GJ,Municipiul Targu Jiu,4956065,13729380
4666207,f,,GJ,Comuna Pestisani,13729380,4898835
4666215,f,,GJ,Municipiul Targu Jiu,4956065,13729380
4666223,f,,GJ,Municipiul Targu Jiu,4956065,13729380
4666231,f,,GJ,Municipiul Targu Jiu,13729380,4956065
4666258,f,,GJ,Municipiul Targu Jiu,13729380,4956065
4666266,f,,GJ,Comuna Matasari,13729380,4448385
4666290,f,,GJ,Orasul Turceni,4813480,13729380
4666304,f,,GJ,Municipiul Targu Jiu,4956065,13729380
4666339,f,,GJ,Municipiul Targu Jiu,4956065,13729380
4666363,f,,GJ,Orasul Ticleni,4898657,13729380
4666371,f,,GJ,Comuna Bilteni,13729380,4956170
4666398,f,,GJ,Municipiul Targu Jiu,4956065,13729380
4666401,2,1,GJ,Comuna Tintareni
4666410,2,1,GJ,Comuna Urdari
4666428,2,1,GJ,Comuna Bolbosi
4666436,2,1,GJ,Comuna Alimpesti
4666444,2,1,GJ,Comuna Bengesti Ciocadia
4666452,2,1,GJ,Comuna Crasna
4670178,2,1,BC,Comuna Faraoani
4670194,2,1,BC,Comuna Colonesti
4670216,2,1,BC,Comuna Stanisesti
4670224,2,1,BC,Comuna Izvoru Berheciului
4670232,f,,BC,Municipiul Onesti,13729380,4353250
4670240,2,1,BC,Comuna Ungureni
4670321,f,,BC,Municipiul Bacau,4278337,13729380
4670330,2,1,BC,Comuna Racaciuni
4671688,2,1,CT,Comuna Limanu
4671718,2,1,CT,Comuna Valu lui Traian
4671807,2,1,CT,Comuna Lumina
4674633,f,,SV,Municipiul Falticeni,13729380,5432522
4674641,f,,SV,Municipiul Falticeni,5432522,13729380
4674722,f,,SV,Orasul Brosteni,13729380,5927254
4674781,2,1,SV,Comuna Rasca
4674790,2,1,SV,Comuna Baia
4675450,7,1,MH,Orasul Baia de Arama
4675469,2,1,MH,Comuna Burila Mare
4675477,f,,MH,Municipiul Orsova,13729380,4337603
4675760,f,,BR,Orasul Ianca,13729380,4874631
4675779,f,,BR,Orasul Ianca,13729380,4874631
4678945,2,1,SB,Comuna Apoldu de Jos
4681800,f,,AB,Municipiul Alba Iulia,4562923,13729380
46828495,f,,SB,Municipiul Medias,13729380,4240677
4687200,7,1,BH,Orasul Nucet
4687226,f,,BH,Orasul Valea lui Mihai,13729380,4650570
4687234,2,1,BH,Comuna Magesti
4687250,2,1,BH,Comuna Borod
4687277,f,,BH,Comuna Popesti,5398340,13729380
4688639,b,,BV,Municipiul Brasov,11424532
4688698,f,,BV,Comuna Prejmer,4688701,13729380
4688701,2,1,BV,Comuna Prejmer
4688710,2,1,BV,Comuna Teliu
4688736,2,1,BV,Comuna Bran
4691600,f,,TM,Municipiul Lugoj,4527381,13729380
4691650,f,,TM,Municipiul Timisoara,14756536,13729380
4691677,2,1,TM,Comuna Topolovatu Mare
4691685,2,1,TM,Comuna Becicherecu Mic
4695466,f,,B,Sectorul 5 al Municipiului Bucuresti,4433953,13729380
4700090,2,1,SB,Comuna Mihaileni
4700309,f,,AB,Orasul Ocna Mures,4563228,13729380
4700899,f,,CT,Municipiul Constanta,13729380,4785631
4700902,f,,CT,Municipiul Constanta,4785631,13729380
4701061,f,,CT,Municipiul Constanta,4785631,13729380
4701088,2,1,CT,Comuna Agigea
4701096,f,,IS,Municipiul Iasi,4541580,13729380
4701100,h,,IS,Municipiul Iasi,13729380
4701126,h,,IS,Municipiul Iasi,13729380
4701150,a,,IS,Municipiul Iasi,13729380
4701223,f,,IS,Orasul Targu Frumos,13729380,4541068
4701231,f,,IS,Orasul Targu Frumos,4540712,13729380
4701282,d,,IS,Municipiul Pascani,4540712,13729380
4701312,p,,IS,Municipiul Iasi,4266456
4701320,p,,IS,Municipiul Iasi,4540712
4701339,p,,IS,Municipiul Iasi,4540712
4701401,p,,IS,Municipiul Iasi,4540712
4701436,f,,IS,Municipiul Iasi,13729380,4541580
4701460,f,,IS,Municipiul Iasi,4541580,13729380
4701525,f,,IS,Comuna Raducaneni,13729380,4540356
4701541,f,,IS,Municipiul Iasi,4541580,13729380
4701550,f,,IS,Municipiul Iasi,4541580,13729380
4701568,f,,IS,Municipiul Iasi,4541580,13729380
4701584,f,,IS,Municipiul Iasi,4541580,13729380
4701592,f,,IS,Municipiul Iasi,4541580,13729380
4701606,h,,IS,Municipiul Iasi,13729380
4701649,f,,IS,Municipiul Iasi,4541580,13729380
4705489,f,,TL,Municipiul Tulcea,13729380,4321429
4705942,2,1,BH,Comuna Tetchea
4707617,f,,CT,Comuna Cogealac,4804407,13729380
4707625,2,1,CT,Comuna Tuzla
4707641,2,1,CT,Comuna Amzacea
4707714,2,1,CT,Comuna Corbu
4711421,2,1,DJ,Comuna Caraula
4711448,2,1,DJ,Comuna Mirsani
4711553,f,,DJ,Municipiul Craiova,4417214,13729380
4711600,f,,DJ,Comuna Poiana Mare,4711618,13729380
4711618,2,1,DJ,Comuna Poiana Mare
4711626,f,,DJ,Comuna Cetate,4553470,13729380
4711642,f,,DJ,Municipiul Craiova,4417214,13729380
4712532,2,1,TM,Comuna Dumbrava
4716739,2,1,OT,Comuna Crampoia
4716747,2,1,OT,Comuna Corbu
4716763,2,1,OT,Comuna Brebeni
4716771,2,1,OT,Comuna Izvoarele
4716780,7,1,OT,Orasul Potcoava
4716801,2,1,OT,Comuna Osica De Sus
4716810,7,1,OT,Orasul Corabia
4718128,2,1,VN,Comuna Campuri
4718888,2,1,GJ,Comuna Bumbesti-Pitic
4718896,2,1,GJ,Comuna Baia de Fier
4718918,f,,GJ,Municipiul Targu Jiu,13729380,4956065
4718926,f,,GJ,Orasul Tismana,4956189,13729380
4718934,f,,GJ,Municipiul Motru,5455844,13729380
4718950,2,1,GJ,Comuna Farcasesti
4718969,2,1,GJ,Comuna Plopsoru
4718977,2,1,GJ,Comuna Polovragi
4718985,2,1,GJ,Comuna Prigoria
4721220,7,1,BR,Orasul Insuratei
4721255,2,1,BR,Comuna Rimnicelu
4721263,2,1,BR,Comuna Maxineni
4721271,2,1,BR,Comuna Salcia Tudor
4721280,2,1,BR,Comuna Scortaru Nou
4721298,2,1,BR,Comuna Silistea
4721301,2,1,BR,Comuna Gemenele
4722374,2,1,CJ,Comuna Aghiresu
4722390,f,,CJ,Municipiul Campia Turzii,13729380,4354566
4722528,y,,CJ,Municipiul Cluj-Napoca,4288110,13729380
4722536,9,,CJ,Municipiul Cluj-Napoca,4192812
4722552,f,,CJ,Municipiul Dej,4349179,13729380
4724804,2,1,SB,Comuna Ludos
4727010,2,1,HD,Comuna Teliucu Inferior
4727037,f,,HD,Municipiul Deva,4374393,13729380
4728148,2,1,MS,Comuna Solovastru
4728156,2,1,MS,Comuna Rusii Munti
4728172,2,1,MS,Comuna Cucerdea
4728300,2,1,BV,Comuna Vama Buzaului
4728318,2,1,BV,Comuna Halchiu
4728326,2,1,BV,Comuna Feldioara
4728369,2,1,BV,Comuna Cristian
4730563,2,1,BN,Comuna Zagra
4730571,2,1,BN,Comuna Cosbuc
4730580,2,1,BN,Comuna Chiochis
4730598,2,1,BN,Comuna Lunca Ilvei
4730601,f,,BN,Comuna Teaca,13729380,4548899
4732564,2,1,TR,Comuna Mavrodin
4732572,2,1,TR,Comuna Izvoarele
4732580,2,1,TR,Comuna Suhaia
4736078,2,1,IF,Comuna Dragomiresti Vale
4738400,2,1,BH,Comuna Bratca
4738419,2,1,BH,Comuna Batar
4742037,f,,SV,Municipiul Vatra Dornei,13729380,7467268
4751442,f,,SB,Orasul Talmaciu,4270732,13729380
4755452,2,1,BH,Comuna Spinus
4759543,2,1,TM,Comuna Periam
4765588,f,,MS,Municipiul Sighisoara,5669309,13729380
4765596,2,1,MS,Comuna Faragau
4765618,2,1,MS,Comuna Deda
4765880,f,,AB,Orasul Cugir,5146873,13729380
4777108,5,1,BV,Municipiul Codlea
4777132,2,1,BV,Comuna Dumbravita
4777140,2,1,BV,Comuna Tarlungeni
4777159,2,1,BV,Comuna Budila
4777167,2,1,BV,Comuna Vulcan
4777175,2,1,BV,Comuna Sanpetru
4777205,2,1,BV,Comuna Apata
4777213,2,1,BV,Comuna Bod
4777221,2,1,BV,Comuna Maierus
4777230,2,1,BV,Comuna Ormenis
4777248,2,1,BV,Comuna Ungra
4777256,2,1,BV,Comuna Comana
4777272,2,1,BV,Comuna Poiana Marului
4777280,2,1,BV,Comuna Fundata
4779010,a,,CJ,Municipiul Cluj-Napoca,13729380
4779036,f,,CJ,Municipiul Cluj-Napoca,4305857,13729380
4779591,2,1,HD,Comuna Lunca Cernii de Jos
4779699,f,,HD,Municipiul Hunedoara,2127028,13729380
4779788,f,,HD,Orasul Calan,5742434,13729380
4781141,2,1,TR,Comuna Nasturelu
4784130,r,,BH,Municipiul Oradea,4267095
4784164,2,1,BH,Comuna Tarcaia
4784172,2,1,BH,Comuna Uileacu de Beius
4784180,2,1,BH,Comuna Vadu Crisului
4784199,2,1,BH,Comuna Suncuius
4784202,2,1,BH,Comuna Dragesti
4784210,2,1,BH,Comuna Ceica
4784229,2,1,BH,Comuna Viisoara
4784237,2,1,BH,Comuna Tauteu
4784270,2,1,BH,Comuna Sarbi
4784296,2,1,BH,Comuna Sacadat
4784300,2,1,BH,Comuna Salacea
4785631,5,1,CT,Municipiul Constanta
4785658,2,1,CT,Comuna Mereni
4790964,f,,TM,Municipiul Timisoara,14756536,13729380
4791935,2,1,CJ,Comuna Aschileu
4792272,2,1,SJ,Comuna Hida
4792280,f,,SJ,Comuna Hida,13729380,4792272
4793138,f,,AG,Municipiul Campulung,4122361,13729380
4793146,f,,AG,Municipiul Campulung,4122361,13729380
4793880,2,1,TL,Comuna Sfantu Gheorghe
4793898,2,1,TL,Comuna Smardan
4793901,2,1,TL,Comuna Dorobantu
4793910,2,1,TL,Comuna C.A.Rosetti
4793936,2,1,TL,Comuna Turcoaia
4793944,2,1,TL,Comuna Peceneaga
4793952,2,1,TL,Comuna Jurilovca
4793960,2,1,TL,Comuna Greci
4793979,2,1,TL,Comuna Murighiol
4793987,2,1,TL,Comuna Hamcearca
4793995,2,1,TL,Comuna Horia
4794010,2,1,TL,Comuna Grindu
4794036,2,1,TL,Comuna I.C.Bratianu
4794044,2,1,TL,Comuna Mihai Bravu
4794052,2,1,TL,Comuna Cerna
4794060,2,1,TL,Comuna Mahmudia
4794079,2,1,TL,Comuna Ostrov
4794087,2,1,TL,Comuna Daeni
4794109,2,1,TL,Comuna Baia
4794567,5,1,BH,Municipiul Beius
4794583,2,1,BH,Comuna Santandrei
4794591,2,1,BH,Comuna Avram Iancu
4794605,2,1,BH,Comuna Tinca
4794613,2,1,BH,Comuna Olcea
4797040,f,,GR,Comuna Hotarele,5483372,13729380
4801362,7,1,BV,Orasul Ghimbav
4801370,2,1,BV,Comuna Cata
4801389,2,1,BV,Comuna Bunesti
4801397,2,1,BV,Comuna Jibert
4801400,2,1,BV,Comuna Ticus
4802813,2,1,GL,Comuna Firtanesti
4804407,2,1,CT,Comuna Cogealac
4804482,2,1,CT,Comuna Ostrov
4813413,f,,VN,Municipiul Adjud,4350491,13729380
4813456,2,1,GJ,Comuna Logresti
4813464,2,1,GJ,Comuna Vladimir
4813472,2,1,GJ,Comuna Branesti
4813480,7,1,GJ,Orasul Turceni
4814427,f,,HD,Municipiul Lupeni,13729380,4375046
4816185,7,1,DB,Orasul Racari
4818631,2,1,MH,Comuna Corcova
4818640,2,1,MH,Comuna Isverna
4820240,f,,BH,Municipiul Beius,4794567,13729380
4820275,2,1,BH,Comuna Cefa
4820283,2,1,BH,Comuna Diosig
4820291,2,1,BH,Comuna Saniob
4820305,2,1,BH,Comuna Biharia
4820313,2,1,BH,Comuna Campani
4820321,2,1,BH,Comuna Tileagd
4829894,f,,DJ,Municipiul Craiova,4417214,13729380
4829908,f,,DJ,Municipiul Craiova,4417214,13729380
4829916,f,,DJ,Comuna Birca,5002100,13729380
4829967,f,,DJ,Orasul Dabuleni,5002029,13729380
4829975,2,1,DJ,Comuna Dobresti
4830023,f,,DJ,Municipiul Craiova,4417214,13729380
4830040,p,,DJ,Municipiul Calafat,4554424
4833941,2,1,BV,Comuna Harman
4834769,7,1,AG,Orasul Costesti
4834777,2,1,BC,Blagesti
4838540,d,,MS,Municipiul Sighisoara,5669309,13729380
4839987,2,1,BH,Comuna Cristioru de Jos
4842400,5,1,SV,Municipiul Campulung Moldovenesc
48467613,h,,B,Sectorul 6 al Municipiului Bucuresti,13729380
4847432,2,1,TM,Comuna Biled
4847521,f,,CJ,Municipiul Cluj-Napoca,13729380,4305857
4847530,f,,CJ,Municipiul Cluj-Napoca,4305857,13729380
4852455,5,1,GR,Municipiul Giurgiu
4852480,f,,GR,Orasul Bolintin Vale,5483380,13729380
4853868,f,,CL,Comuna Dragalina,13729380,4445389
4855001,f,,BT,Comuna Vorona,3672049,13729380
4856015,2,1,BH,Comuna Bulz
4856058,2,1,BH,Comuna Cociuba Mare
4856066,2,1,BH,Comuna Curtuiseni
4859712,7,1,CT,Orasul Murfatlar
4859801,2,1,CT,Comuna Istria
4860016,2,1,CT,Comuna Mihai Viteazu
4866361,f,,HR,Municipiul Toplita,4245178,13729380
4867685,2,1,OT,Comuna Strejesti
4867693,2,1,OT,Comuna Movileni
4871201,2,1,MH,Comuna Rogova
4871210,2,1,MH,Comuna Gruia
4874631,7,1,BR,Orasul Ianca
4874666,2,1,BR,Comuna Surdila-Greci
4874674,2,1,BR,Comuna Surdila-Gaiseanca
4874682,2,1,BR,Comuna Galbenu
4874690,2,1,BR,Comuna Jirlau
4874704,2,1,BR,Comuna Visani
4874712,2,1,BR,Comuna Ulmu
4874739,2,1,BR,Comuna Mircea Voda
4874747,2,1,BR,Comuna Viziru
4874755,2,1,BR,Comuna Gropeni
4874763,2,1,BR,Comuna Tufesti
4874771,2,1,BR,Comuna Stancuta
4874780,2,1,BR,Comuna Bertestii de Jos
4874798,2,1,BR,Comuna Bordei Verde
4883966,2,1,BH,Comuna Girisu de Cris
4883974,2,1,BH,Comuna Copacel
4884813,f,,MM,Orasul Baia Sprie,3694918,13729380
4884821,f,,MM,Orasul Somcuta Mare,3694829,13729380
4884830,f,,MM,Orasul Seini,13729380,3627765
4889497,2,1,CJ,Comuna Savadisla
4896001,2,1,CT,Comuna Lipnita
4898487,2,1,GJ,Comuna Rosia de Amaradia
4898630,2,1,GJ,Comuna Danciulesti
4898657,7,1,GJ,Orasul Ticleni
4898681,7,1,GJ,Orasul Tirgu Carbunesti
4898720,2,1,GJ,Comuna Jupanesti
4898738,2,1,GJ,Comuna Lelesti
4898746,2,1,GJ,Comuna Saulesti
4898754,2,1,GJ,Comuna Musetesti
4898762,2,1,GJ,Comuna Stanesti
4898789,2,1,GJ,Comuna Barbatesti
4898797,2,1,GJ,Comuna Balesti
4898800,2,1,GJ,Comuna Capreni
4898819,2,1,GJ,Comuna Godinesti
4898827,2,1,GJ,Comuna Bustuchin
4898835,2,1,GJ,Comuna Pestisani
4898843,2,1,GJ,Comuna Negomir
4898851,2,1,GJ,Comuna Aninoasa
4898860,2,1,GJ,Comuna Ionesti
4898878,2,1,GJ,Comuna Schela
4898886,2,1,GJ,Comuna Stejari
4898894,2,1,GJ,Comuna Arcani
4898908,2,1,GJ,Comuna Balanesti
4898916,2,1,GJ,Comuna Sacelu
4898924,2,1,GJ,Comuna Turcinesti
4898932,2,1,GJ,Comuna Pades
4898940,2,1,GJ,Comuna Turburea
4905550,2,1,AB,Comuna Avram Iancu
4905584,f,,AB,Orasul Abrud,4905592,13729380
4905592,7,1,AB,Orasul Abrud
4906059,2,1,BH,Comuna Brusturi
4914116,2,1,TM,Comuna Lovrin
4920517,2,1,TR,Comuna Babaita
4920525,2,1,TR,Comuna Bujoru
4920533,2,1,TR,Comuna Frumoasa
4920541,2,1,TR,Comuna Smirdioasa
4923998,2,1,CJ,Comuna Chinteni
4924004,2,1,CJ,Comuna Ciurila
4924020,2,1,CJ,Comuna Izvoru Crisului
4934601,2,1,AB,Comuna Posaga
4934610,2,1,AB,Comuna Jidvei
4934636,f,,AB,Comuna Baia de Aries,4561898,13729380
4934679,p,,AB,Municipiul Blaj,4563007
4935178,2,1,BH,Comuna Abram
4935186,2,1,BH,Comuna Lunca
4935194,2,1,BH,Comuna Rieni
4935208,2,1,BH,Comuna Ineu
4938042,3,1,GR,Municipiul Giurgiu
4941382,d,,DJ,Comuna Malu Mare,5002053,13729380
4941390,7,1,DJ,Orasul Bechet
4941498,f,,DJ,Municipiul Craiova,4417214,13729380
4941510,a,,DJ,Municipiul Craiova,13729380
4941528,f,,DJ,Municipiul Craiova,4417214,13729380
4943871,p,,B,Sectorul 4 al Municipiului Bucuresti,4266456
4944680,f,,HD,Municipiul Brad,4374962,13729380
4948305,2,1,BH,Comuna Simian
4948798,f,,BZ,Municipiul Rimnicu Sarat,2406871,13729380
4948810,f,,BZ,Municipiul Rimnicu Sarat,2406871,13729380
4956057,3,1,GJ,Municipiul Targu Jiu
4956065,5,1,GJ,Municipiul Targu Jiu
4956146,2,1,GJ,Comuna Licurici
4956170,2,1,GJ,Comuna Balteni
4956189,7,1,GJ,Orasul Tismana
4956200,2,1,GJ,Comuna Berlesti
4956219,2,1,GJ,Comuna Cruset
4967072,p,,B,Sectorul 1 al Municipiului Bucuresti,4266456
4969090,7,1,BH,Orasul Vascau
4971871,f,,AG,Municipiul Pitesti,4317967,13729380
4971928,f,,AG,Orasul Costesti,13729380,4834769
4971944,2,1,AG,Comuna Titesti
4971960,2,1,AG,Comuna Domnesti
4971979,2,1,AG,Comuna Leordeni
4971987,2,1,AG,Comuna Bogati
4971995,2,1,AG,Comuna Cateasca
4972001,2,1,AG,Comuna Ratesti
4972044,f,,AG,Comuna Stilpeni,4122558,13729380
4975970,2,1,VS,Comuna Gherghesti
4980110,2,1,BN,Comuna Rebra
4981239,r,,IS,Municipiul Iasi,13633330
4981271,2,1,IS,Comuna Valea Seaca
4981352,q,,IS,Municipiul Iasi,4266456
4981417,f,,IS,Municipiul Iasi,4541580,13729380
4984510,2,1,OT,Comuna Verguleasa
4984529,2,1,OT,Comuna Brincoveni
4992998,7,1,IF,Orasul Bragadiru
4994700,2,1,TL,Comuna Slava Cercheza
4994727,2,1,TL,Comuna Carcaliu
5001716,f,,DJ,Municipiul Craiova,4417214,13729380
5001880,2,1,DJ,Comuna Ciupercenii Noi
5001902,2,1,DJ,Comuna Amarastii de Sus
5001910,2,1,DJ,Comuna Calarasi
5001929,2,1,DJ,Comuna Macesu de Jos
5001937,2,1,DJ,Comuna Silistea Crucii
5001945,2,1,DJ,Comuna Gighera
5001953,2,1,DJ,Comuna Afumati
5001961,2,1,DJ,Comuna Bulzesti
5001970,2,1,DJ,Comuna Amarastii de Jos
5001996,2,1,DJ,Comuna Salcuta
5002002,2,1,DJ,Comuna Orodel
5002010,2,1,DJ,Comuna Perisor
5002029,7,1,DJ,Orasul Dabuleni
5002037,2,1,DJ,Comuna Macesu de Sus
5002045,2,1,DJ,Comuna Robanesti
5002053,2,1,DJ,Comuna Malu Mare
5002061,2,1,DJ,Comuna Seaca de Camp
5002070,2,1,DJ,Comuna Dranic
5002088,2,1,DJ,Comuna Piscu Vechi
5002096,2,1,DJ,Comuna Teasc
5002100,2,1,DJ,Comuna Birca
5002118,2,1,DJ,Comuna Terpezita
5002126,2,1,DJ,Comuna Melinesti
5002134,2,1,DJ,Comuna Rast
5002142,p,,DJ,Municipiul Craiova,4266456
5002177,p,,DJ,Municipiul Craiova,4417214
5002240,5,1,DJ,Municipiul Bailesti
5002258,f,,DJ,Municipiul Bailesti,5002240,13729380
5002983,2,1,BC,Comuna Agas
5003580,2,1,BH,Comuna Carpinet
5009990,f,,AG,Municipiul Pitesti,4317967,13729380
5010005,f,,AG,Municipiul Pitesti,13729380,4317967
5010013,f,,AG,Municipiul Campulung,4122361,13729380
5010021,p,,AG,Municipiul Campulung,4122361
5010030,f,,AG,Municipiul Campulung,4122361,13729380
5010056,f,,AG,Municipiul Campulung,4122361,13729380
5010064,f,,AG,Municipiul Campulung,4122361,13729380
5010072,f,,AG,Municipiul Curtea de Arges,4121927,13729380
5010080,f,,AG,Municipiul Curtea de Arges,13729380,4121927
5010110,f,,AG,Municipiul Curtea de Arges,4121927,13729380
5010129,2,1,AG,Comuna Dirmanesti
5010137,2,1,AG,Comuna Mirosi
5010145,2,1,AG,Comuna Caldararu
5010153,2,1,AG,Comuna Mosoaia
5010170,2,1,AG,Comuna Mozaceni
5010188,f,,AG,Comuna Rucar,4122450,13729380
5010196,2,1,AG,Comuna Valea Mare - Pravat
5013699,x,,CJ,Municipiul Cluj-Napoca,4288110
5013729,d,,CJ,Municipiul Turda,13729380,4378930
5021250,2,1,SV,Comuna Poiana Stampei
5021730,r,,BH,Orasul Stei,4266456
5022204,2,1,CJ,Comuna Cojocna
5022212,2,1,CJ,Comuna Ploscos
5022247,f,,CJ,Municipiul Cluj-Napoca,4305857,13729380
5026273,2,1,IF,Comuna Gruiu
5026621,2,1,GR,Comuna Gogosari
5026630,2,1,GR,Comuna Gaujani
5026648,2,1,GR,Comuna Iepuresti
5026664,2,1,GR,Comuna Vanatorii Mici
5026680,2,1,GR,Comuna Bucsani
5026699,2,1,GR,Comuna Valea Dragului
5026702,2,1,GR,Comuna Clejani
5026710,2,1,GR,Comuna Varasti
5026770,f,,GR,Municipiul Giurgiu,13729380,4852455
5026788,2,1,GR,Comuna Rasuceni
5044440,2,1,TR,Comuna Bogdana
5046629,2,1,DJ,Comuna Celaru
5046688,2,1,DJ,Comuna Bratovoesti
5046696,2,1,DJ,Comuna Desa
5046700,2,1,DJ,Comuna Goicea
5046718,2,1,DJ,Comuna Ghercesti
5046726,2,1,DJ,Comuna Urzicuta
5046734,2,1,DJ,Comuna Secu
5046742,2,1,DJ,Comuna Cerat
5046750,2,1,DJ,Comuna Grecesti
5046785,2,1,DJ,Comuna Galicea Mare
5046980,f,,DJ,Municipiul Craiova,4417214,13729380
5046998,f,,DJ,Municipiul Craiova,4417214,13729380
5047047,f,,DJ,Orasul Filiasi,4553372,13729380
5049919,2,1,TM,Comuna Ortisoara
5050549,f,,AG,Municipiul Curtea de Arges,4121927,13729380
5050557,2,1,AG,Comuna Suici
5050565,2,1,AG,Comuna Sapata
5050573,2,1,AG,Comuna Vedea
5050611,2,1,AG,Comuna Calinesti
5051390,f,,IS,Municipiul Pascani,13729380,4541360
5051455,f,,IS,Municipiul Iasi,4541580,13729380
5057520,7,1,GJ,Orasul Rovinari
5057571,2,1,GJ,Comuna Stoina
5057580,3,1,BC,Municipiul Bacau
5058585,f,,CJ,Municipiul Cluj-Napoca,4305857,13729380
5062357,p,,B,Sectorul 2 al Municipiului Bucuresti,4267117
5077595,2,1,DJ,Comuna Giurgita
5077617,2,1,DJ,Comuna Radovan
5077668,f,,DJ,Municipiul Craiova,13729380,4417214
5077684,f,,DJ,Municipiul Craiova,4417214,13729380
5077692,f,,DJ,Municipiul Craiova,4417214,13729380
5084673,b,,B,Sectorul 1 al Municipiului Bucuresti,11424532
5102265,2,1,OT,Comuna Valeni
5102290,2,1,OT,Comuna Schitu
5102311,2,1,OT,Comuna Perieti
5102320,f,,OT,Orasul Potcoava,4716780,13729380
5102338,2,1,OT,Comuna Dobroteasa
5102346,2,1,OT,Comuna Cilieni
5102354,2,1,OT,Comuna Milcov
5102370,2,1,OT,Comuna Urzica
5103430,2,1,AG,Comuna Botesti
5103449,2,1,AG,Comuna Oarja
5103457,2,1,AG,Comuna Negrasi
5105687,2,1,CJ,Comuna Palatca
5110918,2,1,CT,Comuna Albesti
5114456,f,,HD,Municipiul Petrosani,4468943,13729380
5117550,2,1,VS,Municipiul Vaslui
5123578,2,1,GR,Comuna Gaiseni
5123586,2,1,GR,Comuna Fratesti
5123594,2,1,GR,Comuna Putineiu
5123608,2,1,GR,Comuna Roata de Jos
5123616,2,1,GR,Comuna Mirsa
5123624,2,1,GR,Comuna Colibasi
5123632,2,1,GR,Comuna Schitu
5123640,2,1,GR,Comuna Prundu
5123659,2,1,GR,Comuna Bulbucata
5123667,2,1,GR,Comuna Greaca
5123675,2,1,GR,Comuna Daia
5123683,2,1,GR,Comuna Stoenesti
5123705,2,1,GR,Comuna Toporu
5123713,2,1,GR,Comuna Letca Noua
5123748,2,1,GR,Comuna Ghimpati
5123764,2,1,GR,Comuna Slobozia
5123772,2,1,GR,Comuna Stanesti
5123799,2,1,GR,Comuna Floresti Stoenesti
5138404,2,1,TM,Comuna Sanmihaiu Roman
5138960,f,,AG,Comuna Mozaceni,13729380,5010170
5139701,2,1,OT,Comuna Coteana
5139710,2,1,OT,Comuna Obarsia
5139728,2,1,OT,Comuna Teslui
5139736,2,1,OT,Comuna Curtisoara
5139744,2,1,OT,Comuna Optasi Magura
5139760,2,1,OT,Comuna Nicolae Titulescu
5139779,2,1,OT,Comuna Gradinari
5139795,2,1,OT,Comuna Icoana
5139809,2,1,OT,Comuna Rusanesti
5139825,2,1,OT,Comuna Leleasca
5139833,2,1,OT,Comuna Tia Mare
5139841,2,1,OT,Comuna Vadastra
5139850,2,1,OT,Comuna Serbanesti
5139868,2,1,OT,Comuna Izbiceni
5139876,2,1,OT,Comuna Tatulesti
5142049,f,,BH,Municipiul Salonta,13729380,4593423
51440863,1,,B,Sectorul 1 al Municipiului Bucuresti,13729380
5146873,7,1,AB,Orasul Cugir
5148319,2,1,OT,Comuna Garcov
5148327,2,1,OT,Comuna Stefan Cel Mare
5148335,2,1,OT,Comuna Maruntei
5148343,2,1,OT,Comuna Giuvarasti
5148351,2,1,OT,Comuna Brastavatu
5148360,2,1,OT,Comuna Grojdibodu
5148378,2,1,OT,Comuna Spineni
5148386,2,1,OT,Comuna Vadastrita
5148394,2,1,OT,Comuna Plesoiu
5149128,2,1,BH,Comuna Tulca
5172589,f,,AG,Municipiul Curtea de Arges,13729380,4121927
5172597,p,,AG,Orasul Costesti,4229512
5172600,2,1,AG,Comuna Bradu
5181030,2,1,MS,Comuna Batos
5182132,2,1,GR,Comuna Gostinari
5182140,2,1,GR,Comuna Baneasa
5182159,2,1,GR,Comuna Izvoarele
5189211,e,,TM,Municipiul Timisoara,4266456
5192942,2,1,SB,Comuna Merghindeal
5199037,f,,BH,Comuna Suplacu de Barcau,5431705,13729380
5199045,2,1,BH,Comuna Tarcea
5201153,f,,CJ,Municipiul Campia Turzii,13729380,4354566
5209840,2,1,OT,Comuna Stoicanesti
5209858,2,1,OT,Comuna Ganeasa
5209874,2,1,OT,Comuna Mihaesti
5209882,2,1,OT,Comuna Ianca
5209890,2,1,OT,Comuna Cungrea
5209904,2,1,OT,Comuna Seaca
5209912,7,1,OT,Orasul Draganesti Olt
5217532,f,,BR,Municipiul Braila,4205670,13729380
5217583,f,,BR,Municipiul Braila,4205670,13729380
5227935,2,1,CJ,Comuna Ceanu-Mare
5227951,f,,CJ,Municipiul Cluj-Napoca,4305857,13729380
5227978,f,,CJ,Municipiul Turda,13729380,4378930
5238985,f,,TM,Orasul Faget,13729380,2509958
5238993,2,1,TM,Comuna Jebel
5246171,2,1,GR,Comuna Adunatii Copaceni
5246180,2,1,GR,Comuna Crevedia Mare
5246198,2,1,GR,Comuna Mihai Bravu
5246201,7,1,GR,Orasul Mihailesti
5271353,f,,TL,Comuna Topolog,4508584,13729380
5284639,2,1,MS,Comuna Suseni
5286753,2,1,TM,Comuna Cenei
5286800,2,1,TM,Comuna Carpinis
5292496,2,1,OT,Comuna Daneasa
5296560,2,1,TR,Comuna Draganesti Vlasca
5296579,2,1,TR,Comuna Tiganesti
5303080,2,1,CJ,Comuna Suatu
5313327,2,1,TM,Comuna Bogda
5316498,2,1,BH,Comuna Derna
5347770,p,,SV,Orasul Gura Humorului,6631418
5355683,2,1,BH,Comuna Boianu Mare
5359111,2,1,DB,Comuna Ludesti
5360914,f,,CJ,Municipiul Cluj-Napoca,4305857,13729380
5360922,f,,CJ,Municipiul Cluj-Napoca,4305857,13729380
5360930,f,,CJ,Municipiul Cluj-Napoca,4305857,13729380
5360949,f,,CJ,Municipiul Cluj-Napoca,4305857,13729380
5390613,2,1,TM,Comuna Giroc
5390648,2,1,TM,Comuna Beba Veche
5390656,2,1,TM,Comuna Sanandrei
5398323,2,1,BH,Comuna Pocola
5398331,2,1,BH,Comuna Chislaz
5398340,2,1,BH,Comuna Popesti
5398366,2,1,BH,Comuna Madaras
5398374,2,1,BH,Comuna Holod
5399442,b,,CJ,Municipiul Cluj-Napoca,11424532
5408818,2,1,CT,Comuna Baneasa
5409635,2,1,MS,Comuna Gurghiu
5431667,2,1,BH,Comuna Budureasa
5431675,2,1,BH,Comuna Draganesti
5431683,2,1,BH,Comuna Balc
5431691,2,1,BH,Comuna Petreu
5431705,2,1,BH,Comuna Suplacu de Barcau
5431713,2,1,BH,Comuna Buduslau
5431721,2,1,BH,Comuna Lazuri de Beius
5432514,p,,SV,Municipiul Falticeni,5432522
5432522,5,1,SV,Municipiul Falticeni
5439113,2,1,TM,Comuna Sacalaz
5449672,2,1,TR,Comuna Mirzanesti
5453789,2,1,HD,Comuna Densus
5453797,2,1,HD,Comuna Romos
5453800,2,1,HD,Comuna Sintamaria-Orlea
5453819,2,1,HD,Comuna Salasu de Sus
5453835,2,1,HD,Comuna General Berthelot
5453860,p,,HD,Municipiul Hunedoara,2127028
5453878,7,1,HD,Orasul Hateg
5453916,f,,HD,Municipiul Orastie,4634515,13729380
5453924,f,,HD,Municipiul Orastie,4634515,13729380
5455844,5,1,GJ,Municipiul Motru
5455879,2,1,GJ,Comuna Catunele
5459919,2,1,CT,Comuna Topraisar
5460832,2,1,BH,Comuna Rosia
5461609,7,1,SV,Orasul Dolhasca
5475205,f,,OT,Comuna Vitomiresti,13729380,4394951
5475221,2,1,OT,Comuna Samburesti
5481533,2,1,TM,Comuna Masloc
5481541,2,1,TM,Comuna Pischia
5481576,2,1,TM,Comuna Sacosu Turcesc
5481592,f,,TM,Municipiul Timisoara,14756536,13729380
5483372,2,1,GR,Comuna Hotarele
5483380,7,1,GR,Orasul Bolintin Vale
5504718,f,,AB,Municipiul Alba Iulia,4562923,13729380
5506727,2,1,SV,Comuna Dolhesti
5507056,2,1,CJ,Comuna Petrestii de Jos
5515059,2,1,CT,Comuna Ion Corvin
5517173,2,1,TM,Comuna Belint
5517181,2,1,TM,Comuna Foeni
5517220,2,1,TM,Comuna Ghiroda
5518519,2,1,BH,Comuna Cabesti
5518527,2,1,BH,Comuna Finis
5519603,2,1,GR,Comuna Buturugeni
5519611,2,1,GR,Comuna Vedea
5528288,f,,CJ,Municipiul Turda,13729380,4378930
5543628,2,1,BH,Comuna Capalna
5548447,2,1,CJ,Comuna Sandulesti
5562093,2,1,CJ,Comuna Baisoara
5562115,2,1,CJ,Comuna Valea Ierii
5584121,n,,CS,Municipiul Resita,4266456
5584644,7,1,MS,Orasul Iernut
5584679,2,1,MS,Comuna Iclanzel
5593758,f,,CJ,Municipiul Cluj-Napoca,4305857,13729380
5599602,f,,IS,Municipiul Iasi,4541580,13729380
5612868,2,1,CJ,Comuna Sancraiu
5626626,2,1,CJ,Comuna Calatele
5628791,2,1,BH,Comuna Dobresti
5632539,n,,GJ,Municipiul Targu Jiu,4266456
5632555,p,,GJ,Municipiul Motru,5455844
5643775,2,1,IF,Comuna Snagov
5645490,2,1,SV,Comuna Preutesti
5655842,2,1,TR,Comuna Bujoreni
5665935,h,,AB,Municipiul Alba Iulia,13729380
5669309,5,1,MS,Municipiul Sighisoara
5669317,7,1,MS,Orasul Ludus
5669325,2,1,MS,Comuna Taureni
5669333,2,1,MS,Comuna Sanger
5669341,2,1,MS,Comuna Cuci
5669368,2,1,MS,Comuna Atintis
5669376,2,1,MS,Comuna Bogata
5669384,2,1,MS,Comuna Papiu Ilarian
5669392,2,1,MS,Comuna Chetani
5673520,f,,HD,Comuna Ilia,4374164,13729380
5687291,f,,SB,Municipiul Medias,4240677,13729380
5698096,2,1,CJ,Comuna Manastireni
5698118,2,1,CJ,Comuna Sacuieu
5701094,f,,OT,Orasul Draganesti Olt,5209912,13729380
5705649,2,1,MS,Comuna Danes
5718320,2,1,GR,Comuna Joita
5722747,2,1,BH,Comuna Cherechiu
5742426,7,1,HD,Municipiul Orastie
5742434,7,1,HD,Orasul Calan
5755124,2,1,GR,Comuna Comana
5756286,f,,OT,Orasul Corabia,13729380,4716810
5774428,2,1,CJ,Comuna Risca
5798583,2,1,GR,Comuna Oinacu
5798613,2,1,GR,Comuna Calugareni
5806791,2,1,CT,Comuna Pantelimon
5806830,2,1,CT,Comuna Vulturu
5815226,2,1,TM,Comuna Cheveresu Mare
5819414,2,1,MH,Comuna Bicles
5843129,2,1,GR,Comuna Bolintin Deal
5848584,n,,BR,Municipiul Braila,4266456
5870832,2,1,MH,Comuna Vanatori
5874273,2,1,CT,Comuna Saraiu
5874850,2,1,GR,Comuna Ogrezeni
5874885,2,1,GR,Comuna Gradinari
5902705,2,1,MS,Comuna Viisoara
5902713,2,1,MS,Comuna Saschiz
5902721,2,1,MS,Comuna Vanatori
5902730,2,1,MS,Comuna Albesti
5909401,2,1,CJ,Comuna Capusu Mare
5911428,f,,VN,Orasul Odobesti,13729380,4297827
5927254,7,1,SV,Orasul Brosteni
5961760,2,1,MS,Comuna Nades
5961779,2,1,MS,Comuna Apold
5961787,2,1,MS,Comuna Saulia
5961795,f,,MS,Orasul Sarmasu,6405259,13729380
5979229,2,1,CJ,Comuna Poieni
5995020,n,,BC,Municipiul Bacau,4266456
5999013,2,1,SB,Comuna Nocrich
6044227,7,1,MH,Orasul Strehaia
6049470,2,1,TM,Comuna Giarmata
6098316,2,1,MH,Comuna Ponoarele
6118154,f,,MS,Municipiul Sighisoara,5669309,13729380
6140720,2,1,MH,Comuna Patulele
6228122,2,1,CT,Comuna Oltina
6228149,2,1,CT,Comuna Independenta
6294657,f,,CV,Municipiul Sfantu Gheorghe,4404605,13729380
6304238,2,1,MH,Comuna Gogosu
6304246,2,1,MH,Comuna Balacita
6341589,2,1,MH,Comuna Vladaia
6341597,2,1,MH,Comuna Livezile
6398763,7,1,CT,Orasul Negru Voda
6398771,2,1,CT,Comuna Dumbraveni
6405259,7,1,MS,Orasul Sarmasu
6419890,2,1,TM,Comuna Satchinez
6442532,f,,TL,Municipiul Tulcea,4321429,13729380
6449913,2,1,MH,Comuna Punghina
6483311,2,1,CT,Comuna Chirnogeni
6491837,2,1,TR,Comuna Galateni
6491845,2,1,TR,Comuna Calinesti
6506628,2,1,IF,Comuna Clinceni
6526587,2,1,SV,Comuna Malini
6528995,2,1,CJ,Comuna Sinmartin
6535259,f,,BH,Municipiul Oradea,13729380,4230487
6552861,2,1,SV,Comuna Paltinoasa
6552870,2,1,SV,Comuna Calafindesti
6576100,2,1,SV,Comuna Dorna Arini
6631418,7,1,SV,Orasul Gura Humorului
6631469,2,1,SV,Comuna Vadu Moldovei
6691908,2,1,TR,Comuna Crevenicu
6691916,2,1,TR,Comuna Botoroaga
6691924,2,1,TR,Comuna Gratia
6691932,2,1,TR,Comuna Mereni
6691959,2,1,TR,Comuna Scurtu Mare
6691967,2,1,TR,Comuna Bragadiru
6691975,2,1,TR,Comuna Lisa
6691983,2,1,TR,Comuna Ciolanesti
6691991,2,1,TR,Comuna Didesti
6692008,2,1,TR,Comuna Dracsenei
6692016,2,1,TR,Comuna Maldaieni
6692024,2,1,TR,Comuna Sfintesti
6692032,2,1,TR,Comuna Stejaru
6728985,f,,SV,Orasul Solca,13729380,4441000
6752762,2,1,MH,Comuna Padina
6752770,2,1,MH,Comuna Poroina Mare
6826835,2,1,TR,Comuna Cosmesti
6826843,2,1,TR,Comuna Talpa
6826851,2,1,TR,Comuna Vedea
6826860,2,1,TR,Comuna Zambreasca
6849758,f,,MH,Orasul Baia de Arama,4675450,13729380
6853155,7,1,TR,Orasul Videle
6853163,2,1,TR,Comuna Blejesti
6853171,2,1,TR,Comuna Olteni
6853180,2,1,TR,Comuna Poeni
6853198,2,1,TR,Comuna Silistea
6853201,2,1,TR,Comuna Trivalea Mosteni
6853210,2,1,TR,Comuna Tatarastii De Sus
6853228,2,1,TR,Comuna Mosteni
6853236,2,1,TR,Comuna Orbeasca
6853244,2,1,TR,Comuna Balaci
6853252,2,1,TR,Comuna Calmatuiul De Sus
6853260,2,1,TR,Comuna Cringeni
6853279,2,1,TR,Comuna Dobrotesti
6853287,2,1,TR,Comuna Draganesti De Vede
6853295,2,1,TR,Comuna Peretu
6853309,2,1,TR,Comuna Radoiesti
6853317,2,1,TR,Comuna Scrioastea
6892260,f,,B,Sectorul 4 al Municipiului Bucuresti,13729380,4316422
6905963,f,,B,Sectorul 6 al Municipiului Bucuresti,13729380,4340730
6938065,2,1,TR,Comuna Necsesti
6938073,2,1,TR,Comuna Silistea Gumesti
6938081,2,1,TR,Comuna Troianul
6938090,2,1,TR,Comuna Vartoapele
6950735,2,1,TR,Comuna Sirbeni
7015203,2,1,CT,Comuna Deleni
7031608,2,1,MS,Comuna Mihesu de Campie
7059420,2,1,TR,Comuna Saceni
7097998,2,1,CT,Comuna Adamclisi
7249794,2,1,CT,Comuna Garliciu
7249808,2,1,CT,Comuna Topalu
7249840,2,1,CT,Comuna Ciobanu
7276918,2,1,CT,Comuna Crucea
7347121,f,,IS,Municipiul Pascani,4541360,13729380
7347130,d,,IS,Municipiul Iasi,13729380,4541580
7347148,f,,IS,Municipiul Pascani,4541360,13729380
7347180,f,,IS,Municipiul Iasi,4541580,13729380
7347199,d,,IS,Municipiul Iasi,4541580,13729380
7367404,2,1,MM,Comuna Poienile Izei
7367447,f,,NT,Municipiul Roman,2613583,13729380
7409380,n,,SV,Municipiul Suceava,4266456
7422584,n,,VS,Municipiul Vaslui,4266456
7422690,n,,AR,Municipiul Arad,4266456
7422967,n,,AB,Municipiul Alba Iulia,4266456
7442859,n,,VN,Municipiul Focsani,4266456
7446141,n,,TM,Municipiul Timisoara,4266456
7446923,n,,VL,Municipiul Ramnicu Valcea,4266456
7453130,2,1,CT,Comuna Aliman
7453157,n,,CT,Municipiul Constanta,4266456
7453165,7,1,CT,Orasul Harsova
7453190,2,1,CT,Comuna Horia
7454225,n,,NT,Municipiul Piatra Neamt,4266456
7465720,n,,GL,Municipiul Galati,4266456
7467268,5,1,SV,Municipiul Vatra Dornei
7480097,n,,TL,Municipiul Tulcea,4266456
7482969,n,,BZ,Municipiul Buzau,4266456
7485701,n,,PH,Municipiul Ploiesti,4266456
7494238,n,,BT,Municipiul Botosani,4266456
7497072,n,,SB,Municipiul Sibiu,4266456
7521952,n,,CV,Municipiul Sfantul Gheorghe,4266456
7536902,2,1,MH,Comuna Balta
7536910,2,1,MH,Comuna Obarsia-Closani
7536929,2,1,MH,Comuna Voloiac
7536937,2,1,MH,Comuna Dumbrava
7536945,2,1,MH,Comuna Floresti
7536953,2,1,MH,Comuna Greci
7536961,2,1,MH,Comuna Stangaceaua
7536970,7,1,MH,Orasul Vinju Mare
7541399,n,,DB,Municipiul Targoviste,4266456
7548010,e,,B,Sectorul 4 al Municipiului Bucuresti,4266456
7549660,n,,AG,Municipiul Pitesti,4266456
7551740,n,,BH,Municipiul Oradea,4266456
7561922,n,,MH,Municipiul Drobeta Turnu Severin,4266456
7571411,n,,HD,Municipiul Deva,4266456
7572662,n,,MM,Municipiul Baia Mare,4266456
7579784,2,1,MH,Comuna Grozesti
7595291,n,,SJ,Municipiul Zalau,4266456
7600215,n,,HR,Municipiul Miercurea Ciuc,4266456
7604489,n,,IS,Municipiul Iasi,4266456
7635175,2,1,CT,Comuna Dobromir
7639762,n,,IL,Municipiul Slobozia,4266456
7641428,n,,BN,Municipiul Bistrita,4266456
7643054,2,1,MH,Comuna Vinjulet
7643062,2,1,MH,Comuna Obarsia de Camp
7643526,2,1,MH,Comuna Tamna
7643534,2,1,MH,Comuna Devesel
7685840,f,,IS,Orasul Targu Frumos,13729380,4541068
7709183,n,,GR,Municipiul Giurgiu,4266456
7745852,f,,AB,Municipiul Alba Iulia,4562923,13729380
7778337,2,1,CT,Comuna Comana
7794480,f,,CT,Comuna Baneasa,5408818,13729380
7796350,f,,AB,Municipiul Sebes,4331201,13729380
7830583,d,,BH,Orasul Valea lui Mihai,13729380,4650570
7847020,n,,CL,Municipiul Calarasi,4266456
7890933,f,,BC,Municipiul Onesti,4353250,13729380
7977526,2,1,SJ,Comuna Treznea
7989725,n,,OT,Municipiul Slatina,4266456
8005097,f,,VS,Municipiul Barlad,4539912,13729380
8033356,2,1,MH,Comuna Butoiesti
8033364,2,1,MH,Comuna Corlatel
8069902,n,,SM,Municipiul Satu Mare,4266456
8089381,n,,MS,Municipiul Targu Mures,4266456
842238,c,,VS,Orasul Negresti,13407333,13729380
842424,f,,VS,Orasul Negresti,13729380,13407333
8550000,x,,BC,Municipiul Bacau,5057580
8613973,2,1,BT,Comuna Cristinesti
8613981,2,1,BT,Comuna Cordareni
8613990,2,1,BT,Comuna George Enescu
8615184,e,,IS,Municipiul Iasi,4266456
8685627,f,,VN,Municipiul Focsani,4350645,13729380
8713590,2,1,HD,Comuna Banita
8826017,2,1,CT,Comuna Ghindaresti
8845957,2,1,MH,Comuna Brosteni
8883551,x,,BN,Municipiul Bistrita,4347550
8906647,f,,B,Sectorul 1 al Municipiului Bucuresti,4505359,13729380
8911791,d,,BH,Comuna Tileagd,4820321,13729380
9047538,f,,HR,Comuna Corbu,13729380,4612487
9510194,d,,B,Sectorul 1 al Municipiului Bucuresti,13729380
9524980,e,,B,Sectorul 2 al Municipiului Bucuresti,4266456
9640615,2,1,TM,Comuna Uivar
9641718,x,,DB,Municipiul Targoviste,4280205
9648872,x,,NT,Municipiul Piatra Neamt,2612839
9670462,x,,IL,Municipiul Slobozia,4231776
9742496,x,,AG,Municipiul Pitesti,4229512
9746625,x,,OT,Municipiul Slatina,4394706
9762892,f,,HD,Municipiul Hunedoara,2127028,13729380
9770267,x,,PH,Municipiul Ploiesti,2842889
9798918,x,,HR,Municipiul Miercurea Ciuc,4245763
9832041,x,,CV,Municipiul Sfantul Gheorghe,4201988
9841260,a,,GJ,Municipiul Targu Jiu,13729380
9851540,f,,BT,Municipiul Botosani,13729380,3372882
9870339,x,,BV,Municipiul Brasov,4384150
9876765,x,,SV,Municipiul Suceava,4244512
9899076,x,,IS,Municipiul Iasi,4540712
